Target;Source
https://blog.goenvy.io/10-best-ai-marketing-blogs-you-should-follow;START
https://towardsai.net/p/machine-learning/ml-algorithms-from-scratch-in-python;https://blog.goenvy.io/10-best-ai-marketing-blogs-you-should-follow
https://towardsai.net/about;https://towardsai.net/p/machine-learning/ml-algorithms-from-scratch-in-python
https://towardsai.net/subscribe;https://towardsai.net/p/machine-learning/ml-algorithms-from-scratch-in-python
https://towardsai.net/#contact;https://towardsai.net/subscribe
https://towardsai.net/p/author/editorial-team;https://towardsai.net/p/machine-learning/ml-algorithms-from-scratch-in-python
https://towardsai.net/p/news/towards-ai-announces-new-investment-to-expand-platform-for-the-ai-community-a1561a8f8ca2;https://towardsai.net/p/author/editorial-team
https://towardsai.net/p/news/towards-ai-announces-new-investment-to-expand-platform-for-the-ai-community-a1561a8f8ca2#respond;https://towardsai.net/p/news/towards-ai-announces-new-investment-to-expand-platform-for-the-ai-community-a1561a8f8ca2
https://towardsai.net/p/news/towards-ai-announces-acquisition-of-confetti-ai-a-leading-platform-for-ai-interview-preparation;https://towardsai.net/p/news/towards-ai-announces-new-investment-to-expand-platform-for-the-ai-community-a1561a8f8ca2#respond
https://towardsai.net/p/news/towards-ai-announces-acquisition-of-confetti-ai-a-leading-platform-for-ai-interview-preparation?replytocom=91298#respond;https://towardsai.net/p/news/towards-ai-announces-acquisition-of-confetti-ai-a-leading-platform-for-ai-interview-preparation
https://towardsai.net/p/news/towards-ai-announces-acquisition-of-learn-ai-together-the-largest-ai-discord-community;https://towardsai.net/p/news/towards-ai-announces-new-investment-to-expand-platform-for-the-ai-community-a1561a8f8ca2#respond
https://towardsai.net/p/news/towards-ai-announces-acquisition-of-learn-ai-together-the-largest-ai-discord-community#respond;https://towardsai.net/p/news/towards-ai-announces-acquisition-of-learn-ai-together-the-largest-ai-discord-community
https://discord.com/invite/V7RGX9XKAW;https://towardsai.net/subscribe
https://towardsai.net/ai/education;https://towardsai.net/subscribe
https://towardsai.net/ai/future;https://towardsai.net/subscribe
https://towardsai.net/p/artificial-intelligence/how-to-build-a-complex-hybrid-ai-model-to-predict-oil-and-gas-project-overcosts;https://towardsai.net/p/machine-learning/ml-algorithms-from-scratch-in-python
https://towardsai.net/wp-admin/admin-ajax.php?action=process_simple_like&post_id=11796&nonce=679b41486f&is_comment=0&disabled=true;https://towardsai.net/p/artificial-intelligence/how-to-build-a-complex-hybrid-ai-model-to-predict-oil-and-gas-project-overcosts
https://towardsai.net/p/artificial-intelligence/how-to-build-a-complex-hybrid-ai-model-to-predict-oil-and-gas-project-overcosts#respond;https://towardsai.net/wp-admin/admin-ajax.php?action=process_simple_like&post_id=11796&nonce=679b41486f&is_comment=0&disabled=true
https://towardsai.net/p/tag/finance;https://towardsai.net/wp-admin/admin-ajax.php?action=process_simple_like&post_id=11796&nonce=679b41486f&is_comment=0&disabled=true
https://towardsai.net/p/l/is-your-business-safe-from-ai-a-blog-on-whether-your-business-is-safe-from-ai-or-not;https://towardsai.net/p/tag/finance
https://towardsai.net/p/l/is-your-business-safe-from-ai-a-blog-on-whether-your-business-is-safe-from-ai-or-not#respond;https://towardsai.net/p/l/is-your-business-safe-from-ai-a-blog-on-whether-your-business-is-safe-from-ai-or-not
https://towardsai.net/ai/ethics;https://towardsai.net/wp-admin/admin-ajax.php?action=process_simple_like&post_id=11796&nonce=679b41486f&is_comment=0&disabled=true
https://ws.towardsai.net/subscribe-mc;https://towardsai.net/p/news/towards-ai-announces-acquisition-of-confetti-ai-a-leading-platform-for-ai-interview-preparation?replytocom=91298#respond
https://towardsai.net/ai/research;https://towardsai.net/wp-admin/admin-ajax.php?action=process_simple_like&post_id=11796&nonce=679b41486f&is_comment=0&disabled=true
https://towardsai.net/ai/programming;https://towardsai.net/wp-admin/admin-ajax.php?action=process_simple_like&post_id=11796&nonce=679b41486f&is_comment=0&disabled=true
https://towardsai.net/p/author/robiriondo;https://towardsai.net/ai/programming
https://towardsai.net/p/generative-ai/generative-ai-the-future-of-artificial-intelligence-ai;https://towardsai.net/p/author/robiriondo
https://generativeailab.org;https://towardsai.net/p/generative-ai/generative-ai-the-future-of-artificial-intelligence-ai
https://towardsai.net/p/generative-ai/unraveling-the-magic-of-generative-ai-the-ultimate-faq-extravaganza-%e2%9c%a8;https://towardsai.net/p/author/robiriondo
https://txt.generativeailab.org/unraveling-the-magic-of-generative-ai-the-ultimate-faq-extravaganza-449de1922c7c;https://towardsai.net/p/generative-ai/unraveling-the-magic-of-generative-ai-the-ultimate-faq-extravaganza-%e2%9c%a8
https://generativeailab.org/;https://txt.generativeailab.org/unraveling-the-magic-of-generative-ai-the-ultimate-faq-extravaganza-449de1922c7c
https://towardsai.net/p/generative-ai/unraveling-the-magic-of-generative-ai-the-ultimate-faq-extravaganza-%E2%9C%A8#respond;https://towardsai.net/p/generative-ai/unraveling-the-magic-of-generative-ai-the-ultimate-faq-extravaganza-%e2%9c%a8
https://towardsai.net/;https://generativeailab.org/
https://towardsai.net;https://towardsai.net/p/generative-ai/generative-ai-the-future-of-artificial-intelligence-ai
https://txt.generativeailab.org/about;https://generativeailab.org/
https://towardsai.net/p/research/simcls-a-simple-framework-for-contrastive-learning-of-abstractive-summarization-review-explained;https://towardsai.net/ai/research
https://towardsai.net/p/research/simcls-a-simple-framework-for-contrastive-learning-of-abstractive-summarization-review-explained#respond;https://towardsai.net/p/research/simcls-a-simple-framework-for-contrastive-learning-of-abstractive-summarization-review-explained
https://towardsai.net/ai/data-science;https://towardsai.net/wp-admin/admin-ajax.php?action=process_simple_like&post_id=11796&nonce=679b41486f&is_comment=0&disabled=true
https://towardsai.net/p/artificial-intelligence/the-ai-monthly-top-3%e2%80%8a-%e2%80%8ajanuary-2021;https://towardsai.net/p/research/simcls-a-simple-framework-for-contrastive-learning-of-abstractive-summarization-review-explained#respond
https://towardsai.net/p/artificial-intelligence/the-ai-monthly-top-3%E2%80%8A-%E2%80%8Ajanuary-2021#respond;https://towardsai.net/p/artificial-intelligence/the-ai-monthly-top-3%e2%80%8a-%e2%80%8ajanuary-2021
https://towardsai.net/p/tag/finance/page/2;https://towardsai.net/p/tag/finance
https://towardsai.net/p/tag/finance/;https://towardsai.net/p/tag/finance/page/2
https://towardsai.net/p/l/understanding-gan-cryptography;https://towardsai.net/p/tag/finance/
https://towardsai.net/p/l/understanding-gan-cryptography#respond;https://towardsai.net/p/l/understanding-gan-cryptography
https://towardsai.net/p/artificial-intelligence/2020-a-year-full-of-amazing-ai-papers%e2%80%8a-%e2%80%8aa-review;https://towardsai.net/ai/research
https://towardsai.net/p/artificial-intelligence/2020-a-year-full-of-amazing-ai-papers%E2%80%8A-%E2%80%8Aa-review#respond;https://towardsai.net/p/artificial-intelligence/2020-a-year-full-of-amazing-ai-papers%e2%80%8a-%e2%80%8aa-review
https://towardsai.net/p/l/sentiment-analysis-on-news-headlines-and-stock-price-changes;https://towardsai.net/p/tag/finance/
https://towardsai.net/p/l/sentiment-analysis-on-news-headlines-and-stock-price-changes#respond;https://towardsai.net/p/l/sentiment-analysis-on-news-headlines-and-stock-price-changes
https://www.robertoiriondo.com/;https://txt.generativeailab.org/about
https://sponsors.towardsai.net;https://www.robertoiriondo.com/
https://towardsai.net?utm_source=sponsors.towardsai.net&utm_medium=referral;https://sponsors.towardsai.net
https://towardsai.net/?utm_source=sponsors.towardsai.net&utm_medium=referral;https://sponsors.towardsai.net
https://towardsai.net/?;https://www.robertoiriondo.com/
https://feeds.feedburner.com/robiriondo;https://www.robertoiriondo.com/
https://www.towardsai.net/robiriondo;https://www.robertoiriondo.com/
https://www.robertoiriondo.com;https://generativeailab.org/
https://www.ml.cmu.edu/robiriondo;https://www.robertoiriondo.com/
https://towardsai.net/p/education/fermi-questions-in-what-way-do-they-help-solve-data-problems;https://towardsai.net/ai/education
https://towardsai.net/p/education/fermi-questions-in-what-way-do-they-help-solve-data-problems#respond;https://towardsai.net/p/education/fermi-questions-in-what-way-do-they-help-solve-data-problems
https://towardsai.net/p/l/botorch-is-a-framework-for-bayesian-optimization-in-pytorch;https://towardsai.net/p/l/sentiment-analysis-on-news-headlines-and-stock-price-changes#respond
https://towardsai.net/p/l/gans-that-can-recognize-minority-concepts-to-mitigate-bias;https://towardsai.net/p/l/botorch-is-a-framework-for-bayesian-optimization-in-pytorch
https://towardsai.net/p/l/gans-that-can-recognize-minority-concepts-to-mitigate-bias#respond;https://towardsai.net/p/l/gans-that-can-recognize-minority-concepts-to-mitigate-bias
https://towardsai.net/p/l/botorch-is-a-framework-for-bayesian-optimization-in-pytorch#respond;https://towardsai.net/p/l/botorch-is-a-framework-for-bayesian-optimization-in-pytorch
https://towardsai.net/p/newsletter/artificial-intelligence-ai-newsletter-by-towards-ai-14;https://www.towardsai.net/robiriondo
https://towardsai.net/wp-admin/admin-ajax.php?action=process_simple_like&post_id=10191&nonce=679b41486f&is_comment=0&disabled=true;https://towardsai.net/p/newsletter/artificial-intelligence-ai-newsletter-by-towards-ai-14
https://towardsai.net/p/newsletter/artificial-intelligence-ai-newsletter-by-towards-ai-14#respond;https://towardsai.net/wp-admin/admin-ajax.php?action=process_simple_like&post_id=10191&nonce=679b41486f&is_comment=0&disabled=true
https://towardsai.net/ai/tutorials;https://www.towardsai.net/robiriondo
https://towardsai.net/p/l/i-tried-the-oculus-quest-2-vr-headset-and-its-vr-capable-web-browser;https://towardsai.net/p/l/understanding-gan-cryptography#respond
https://towardsai.net/p/l/introduction-to-hadoop-ecosystem;https://towardsai.net/p/l/i-tried-the-oculus-quest-2-vr-headset-and-its-vr-capable-web-browser
https://towardsai.net/p/l/introduction-to-hadoop-ecosystem#respond;https://towardsai.net/p/l/introduction-to-hadoop-ecosystem
https://towardsai.net/wp-admin/admin-ajax.php?action=process_simple_like&post_id=11071&nonce=679b41486f&is_comment=0&disabled=true;https://towardsai.net/p/l/i-tried-the-oculus-quest-2-vr-headset-and-its-vr-capable-web-browser
https://towardsai.net/p/l/i-tried-the-oculus-quest-2-vr-headset-and-its-vr-capable-web-browser#respond;https://towardsai.net/wp-admin/admin-ajax.php?action=process_simple_like&post_id=11071&nonce=679b41486f&is_comment=0&disabled=true
https://towardsai.net/p/education/5-women-in-data-science-who-truly-will-accelerate-your-career-curve;https://towardsai.net/p/education/fermi-questions-in-what-way-do-they-help-solve-data-problems#respond
https://towardsai.net/p/education/5-women-in-data-science-who-truly-will-accelerate-your-career-curve#respond;https://towardsai.net/p/education/5-women-in-data-science-who-truly-will-accelerate-your-career-curve
https://towardsai.net/p/newsletter/top-10-ai-articles-for-april-2022;https://towardsai.net/p/author/editorial-team
https://towardsai.net/p/newsletter/top-10-ai-articles-for-april-2022#respond;https://towardsai.net/p/newsletter/top-10-ai-articles-for-april-2022
https://towardsai.net/p/l/elements-for-user-tailored-web-apps-for-interactive-visualization-and-analysis-of-cryptocurrency;https://towardsai.net/p/tag/finance/
https://towardsai.net/p/artificial-intelligence/why-do-we-need-a-data-centric-ai-community;https://towardsai.net/p/l/elements-for-user-tailored-web-apps-for-interactive-visualization-and-analysis-of-cryptocurrency
https://towardsai.net/p/artificial-intelligence/why-do-we-need-a-data-centric-ai-community#respond;https://towardsai.net/p/artificial-intelligence/why-do-we-need-a-data-centric-ai-community
https://www.stateof.ai/;https://towardsai.net/p/artificial-intelligence/why-do-we-need-a-data-centric-ai-community#respond
https://www.stateof.ai/2019;https://www.stateof.ai/
https://www.stateof.ai/2021;https://www.stateof.ai/2019
https://www.stateof.ai/2020;https://www.stateof.ai/2021
https://towardsai.net/p/l/elements-for-user-tailored-web-apps-for-interactive-visualization-and-analysis-of-cryptocurrency#respond;https://towardsai.net/p/l/elements-for-user-tailored-web-apps-for-interactive-visualization-and-analysis-of-cryptocurrency
https://towardsai.net/p/l/web-scraping-with-selenium-with-python;https://towardsai.net/p/l/elements-for-user-tailored-web-apps-for-interactive-visualization-and-analysis-of-cryptocurrency#respond
https://towardsai.net/p/l/web-scraping-with-selenium-with-python#respond;https://towardsai.net/p/l/web-scraping-with-selenium-with-python
https://towardsai.net/wp-admin/admin-ajax.php?action=process_simple_like&post_id=11860&nonce=679b41486f&is_comment=0&disabled=true;https://towardsai.net/ai/programming
https://towardsai.net/p/machine-learning/kdtree-to-evaluate-behavior-by-demographics;https://towardsai.net/wp-admin/admin-ajax.php?action=process_simple_like&post_id=11860&nonce=679b41486f&is_comment=0&disabled=true
https://towardsai.net/p/machine-learning/kdtree-to-evaluate-behavior-by-demographics#respond;https://towardsai.net/p/machine-learning/kdtree-to-evaluate-behavior-by-demographics
https://towardsai.net/p/programming/what-is-timeit-module-in-python#respond;https://towardsai.net/wp-admin/admin-ajax.php?action=process_simple_like&post_id=11860&nonce=679b41486f&is_comment=0&disabled=true
https://towardsai.net/p/programming/what-is-timeit-module-in-python;https://towardsai.net/p/machine-learning/kdtree-to-evaluate-behavior-by-demographics#respond
https://towardsai.net/p/l/introduction-to-intel-distribution-of-openvino-toolkit;https://towardsai.net/p/newsletter/top-10-ai-articles-for-april-2022#respond
https://towardsai.net/p/l/from-scatter-plot-to-story-the-base-matplotlib-edition;https://towardsai.net/p/l/introduction-to-intel-distribution-of-openvino-toolkit
https://towardsai.net/p/l/from-scatter-plot-to-story-the-base-matplotlib-edition#respond;https://towardsai.net/p/l/from-scatter-plot-to-story-the-base-matplotlib-edition
https://towardsai.net/p/l/text-generation-with-markov-decision-processes;https://towardsai.net/p/l/from-scatter-plot-to-story-the-base-matplotlib-edition#respond
https://towardsai.net/p/l/text-generation-with-markov-decision-processes#respond;https://towardsai.net/p/l/text-generation-with-markov-decision-processes
https://towardsai.net/p/l/introduction-to-intel-distribution-of-openvino-toolkit#respond;https://towardsai.net/p/l/introduction-to-intel-distribution-of-openvino-toolkit
https://towardsai.net/p/newsletter/artificial-intelligence-ai-newsletter-by-towards-ai-15;https://www.towardsai.net/robiriondo
https://towardsai.net/wp-admin/admin-ajax.php?action=process_simple_like&post_id=10470&nonce=679b41486f&is_comment=0&disabled=true;https://towardsai.net/p/newsletter/artificial-intelligence-ai-newsletter-by-towards-ai-15
https://towardsai.net/p/newsletter/artificial-intelligence-ai-newsletter-by-towards-ai-15#respond;https://towardsai.net/wp-admin/admin-ajax.php?action=process_simple_like&post_id=10470&nonce=679b41486f&is_comment=0&disabled=true
https://news.towardsai.net/o21;https://towardsai.net/wp-admin/admin-ajax.php?action=process_simple_like&post_id=10470&nonce=679b41486f&is_comment=0&disabled=true