similarity_score,url_link,parent_url,outgoing_links_set,out_going_links_list_with_similarity,webpage_vector
3.110218686793369,https://blog.goenvy.io/10-best-ai-marketing-blogs-you-should-follow,,"{'https://goenvy.io/resource_type/videos/', 'https://twitter.com/intent/tweet?original_referer=https%3A%2F%2Fblog.goenvy.io%2F10-best-ai-marketing-blogs-you-should-follow%3Futm_medium%3Dsocial%26utm_source%3Dtwitter&url=https%3A%2F%2Fblog.goenvy.io%2F10-best-ai-marketing-blogs-you-should-follow%3Futm_medium%3Dsocial%26utm_source%3Dtwitter&source=tweetbutton&text=', 'https://goenvy.io/contact', 'https://www.topbots.com/leading-nlp-language-models-2020/', 'https://openai.com/blog/codex-apps/', 'https://sproutsocial.com/glossary/marketing-funnel/', 'https://goenvy.io/services/b2b-creative-and-message-testing/', 'https://goenvy.io/services/inbound-marketing/', 'https://www.linkedin.com/company/goenvy/', 'https://blog.goenvy.io/tag/startup-marketing', 'https://news.mit.edu/2022/machine-learning-harnessed-extreme-computing-aids-fusion-energy-development-0427', 'https://blog.goenvy.io/from-vanilla-to-chunky-monkey-tools-to-sweeten-up-your-content-a-marketing-envy-summer-special', 'https://www.instagram.com/goenvy.io/', 'https://twitter.com/mktgenvy', 'http://www.facebook.com/share.php?u=https%3A%2F%2Fblog.goenvy.io%2F10-best-ai-marketing-blogs-you-should-follow%3Futm_medium%3Dsocial%26utm_source%3Dfacebook', 'https://wisdom.tech/blog/2020/11/an-ai-winter-may-be-inevitable-what-we-should-fear-more-an-ai-ice-age/', 'https://blog.goenvy.io/tag/b2b-marketing', 'https://goenvy.io/resources/', 'https://openai.com/', 'https://ai.googleblog.com/', 'https://www.facebook.com/GoEnvy', 'https://goenvy.io/services/ppc-lead-generation/', 'https://www.linkedin.com/in/jasonbrownlee/?originalSubdomain=au', 'https://www.liberties.eu/en/stories/disadvantages-of-artificial-intelligence/44289', 'https://blog.goenvy.io/9-must-read-uk-cybersecurity-blogs', 'https://www.youtube.com/@Get_Envy', 'https://bair.berkeley.edu/blog/', 'https://www.marktechpost.com/', 'https://research.aimultiple.com/advantages-of-ai/', 'https://goenvy.io/services/hubspot-implementation-and-onboarding/', 'https://blog.goenvy.io/top-10-cloud-computing-blogs-to-follow', 'https://goenvy.io/services/all-about-abm/', 'https://goenvy.io/services/marketing-operations/', 'https://goenvy.io/services/revops/', 'https://goenvy.io/events/', 'https://pub.towardsai.net/common-challenges-in-machine-learning-and-how-to-tackle-them-cc29c47c5f24', 'https://contentmarketinginstitute.com/what-is-content-marketing/', 'https://goenvy.io/privacy-policy/', 'https://goenvy.io/resource_type/e-books/', 'https://aws.amazon.com/blogs/machine-learning/', 'http://www.linkedin.com/shareArticle?mini=true&url=https%3A%2F%2Fblog.goenvy.io%2F10-best-ai-marketing-blogs-you-should-follow%3Futm_medium%3Dsocial%26utm_source%3Dlinkedin', 'https://goenvy.io/services/b2b-cyber-security-marketing/', 'https://blog.goenvy.io', 'https://wisdom.tech/blogs/', 'https://towardsai.net/p/machine-learning/ml-algorithms-from-scratch-in-python', 'https://goenvy.io/services/startup-marketing/', 'https://goenvy.io', 'https://goenvy.io/about-us/', 'https://goenvy.io/careers/', 'https://news.mit.edu/topic/artificial-intelligence2', 'https://marketingenvy.com/services/inbound-tech-marketing/', 'https://goenvy.io/services/marketing-automation/', 'https://machinelearningmastery.com/blog/', 'https://goenvy.io/services/', 'https://www.topbots.com/', 'https://goenvy.io/pricing/', 'https://openai.com/blog/best-practices-for-deploying-language-models/', 'https://goenvy.io/contact/', 'https://goenvy.io/resource_type/case-studies/', 'https://towardsai.net/ai/machine-learning', 'https://meetings.hubspot.com/billy-cina', 'https://www.topbots.com/marketing-ai-research-attribution/'}","[(2.5654147488540784, 'https://towardsai.net/p/machine-learning/ml-algorithms-from-scratch-in-python'), (2.3420236179137217, 'https://towardsai.net/ai/machine-learning'), (2.1324108271964386, 'https://research.aimultiple.com/advantages-of-ai/'), (1.6271459425797652, 'https://www.liberties.eu/en/stories/disadvantages-of-artificial-intelligence/44289'), (1.4596087331426828, 'https://aws.amazon.com/blogs/machine-learning/'), (1.3107168633099722, 'https://www.marktechpost.com/'), (0.9284766908852593, 'https://blog.goenvy.io/tag/startup-marketing'), (0.9053574604251857, 'https://openai.com/'), (0.7537783614444094, 'https://ai.googleblog.com/'), (0.6810092530676158, 'https://pub.towardsai.net/common-challenges-in-machine-learning-and-how-to-tackle-them-cc29c47c5f24'), (0.4995838534443406, 'https://news.mit.edu/topic/artificial-intelligence2'), (0.2860647838453115, 'https://openai.com/blog/codex-apps/'), (0.2420299468734113, 'https://bair.berkeley.edu/blog/'), (0.14913749656797337, 'https://openai.com/blog/best-practices-for-deploying-language-models/'), (0.12562972690740135, 'https://blog.goenvy.io/9-must-read-uk-cybersecurity-blogs'), (0.10903109355965859, 'https://blog.goenvy.io/top-10-cloud-computing-blogs-to-follow'), (0.0, 'https://www.youtube.com/@Get_Envy'), (0.0, 'https://www.topbots.com/marketing-ai-research-attribution/'), (0.0, 'https://www.topbots.com/leading-nlp-language-models-2020/'), (0.0, 'https://www.topbots.com/'), (0.0, 'https://www.instagram.com/goenvy.io/'), (0.0, 'https://www.facebook.com/GoEnvy'), (0.0, 'https://wisdom.tech/blogs/'), (0.0, 'https://wisdom.tech/blog/2020/11/an-ai-winter-may-be-inevitable-what-we-should-fear-more-an-ai-ice-age/'), (0.0, 'https://twitter.com/mktgenvy'), (0.0, 'https://twitter.com/intent/tweet?original_referer=https%3A%2F%2Fblog.goenvy.io%2F10-best-ai-marketing-blogs-you-should-follow%3Futm_medium%3Dsocial%26utm_source%3Dtwitter&url=https%3A%2F%2Fblog.goenvy.io%2F10-best-ai-marketing-blogs-you-should-follow%3Futm_medium%3Dsocial%26utm_source%3Dtwitter&source=tweetbutton&text='), (0.0, 'https://sproutsocial.com/glossary/marketing-funnel/'), (0.0, 'https://news.mit.edu/2022/machine-learning-harnessed-extreme-computing-aids-fusion-energy-development-0427'), (0.0, 'https://marketingenvy.com/services/inbound-tech-marketing/'), (0.0, 'https://goenvy.io/services/startup-marketing/'), (0.0, 'https://goenvy.io/services/revops/'), (0.0, 'https://goenvy.io/services/ppc-lead-generation/'), (0.0, 'https://goenvy.io/services/marketing-operations/'), (0.0, 'https://goenvy.io/services/marketing-automation/'), (0.0, 'https://goenvy.io/services/inbound-marketing/'), (0.0, 'https://goenvy.io/services/hubspot-implementation-and-onboarding/'), (0.0, 'https://goenvy.io/services/b2b-cyber-security-marketing/'), (0.0, 'https://goenvy.io/services/b2b-creative-and-message-testing/'), (0.0, 'https://goenvy.io/services/all-about-abm/'), (0.0, 'https://goenvy.io/services/'), (0.0, 'https://goenvy.io/resources/'), (0.0, 'https://goenvy.io/resource_type/videos/'), (0.0, 'https://goenvy.io/resource_type/e-books/'), (0.0, 'https://goenvy.io/resource_type/case-studies/'), (0.0, 'https://goenvy.io/privacy-policy/'), (0.0, 'https://goenvy.io/pricing/'), (0.0, 'https://goenvy.io/events/'), (0.0, 'https://goenvy.io/contact/'), (0.0, 'https://goenvy.io/contact'), (0.0, 'https://goenvy.io/careers/'), (0.0, 'https://goenvy.io/about-us/'), (0.0, 'https://contentmarketinginstitute.com/what-is-content-marketing/'), (0.0, 'https://blog.goenvy.io/tag/b2b-marketing'), (0.0, 'https://blog.goenvy.io/from-vanilla-to-chunky-monkey-tools-to-sweeten-up-your-content-a-marketing-envy-summer-special'), (0.0, 'https://blog.goenvy.io'), (0.0, 'http://www.linkedin.com/shareArticle?mini=true&url=https%3A%2F%2Fblog.goenvy.io%2F10-best-ai-marketing-blogs-you-should-follow%3Futm_medium%3Dsocial%26utm_source%3Dlinkedin'), (0.0, 'http://www.facebook.com/share.php?u=https%3A%2F%2Fblog.goenvy.io%2F10-best-ai-marketing-blogs-you-should-follow%3Futm_medium%3Dsocial%26utm_source%3Dfacebook')]","  (0, 182)	0.02439387205328132
  (0, 380)	0.01219693602664066
  (0, 211)	0.01219693602664066
  (0, 126)	0.01219693602664066
  (0, 350)	0.01219693602664066
  (0, 370)	0.01219693602664066
  (0, 238)	0.01219693602664066
  (0, 59)	0.01219693602664066
  (0, 401)	0.01219693602664066
  (0, 81)	0.01219693602664066
  (0, 383)	0.01219693602664066
  (0, 70)	0.01219693602664066
  (0, 371)	0.01219693602664066
  (0, 391)	0.01219693602664066
  (0, 328)	0.01219693602664066
  (0, 233)	0.01219693602664066
  (0, 51)	0.01219693602664066
  (0, 426)	0.01219693602664066
  (0, 327)	0.01219693602664066
  (0, 417)	0.01219693602664066
  (0, 319)	0.01219693602664066
  (0, 5)	0.01219693602664066
  (0, 115)	0.01219693602664066
  (0, 330)	0.01219693602664066
  (0, 408)	0.02439387205328132
  :	:
  (0, 39)	0.02439387205328132
  (0, 174)	0.01219693602664066
  (0, 179)	0.03659080807992198
  (0, 241)	0.03659080807992198
  (0, 234)	0.01219693602664066
  (0, 120)	0.01219693602664066
  (0, 48)	0.5488621211988297
  (0, 289)	0.01219693602664066
  (0, 86)	0.01219693602664066
  (0, 96)	0.01219693602664066
  (0, 10)	0.03659080807992198
  (0, 294)	0.02439387205328132
  (0, 11)	0.01219693602664066
  (0, 87)	0.01219693602664066
  (0, 71)	0.02439387205328132
  (0, 389)	0.01219693602664066
  (0, 306)	0.03659080807992198
  (0, 184)	0.0609846801332033
  (0, 29)	0.0609846801332033
  (0, 308)	0.02439387205328132
  (0, 134)	0.09757548821312528
  (0, 50)	0.04878774410656264
  (0, 12)	0.6220437373586737
  (0, 166)	0.02439387205328132
  (0, 0)	0.09757548821312528","['generative AI', 'general intelligence', 'improvements', 'smart machines', 'scary']"
3.110218686793369,https://blog.goenvy.io/10-best-ai-marketing-blogs-you-should-follow,,"{'https://goenvy.io/events/', 'https://openai.com/', 'https://research.aimultiple.com/advantages-of-ai/', 'https://goenvy.io/services/b2b-creative-and-message-testing/', 'https://goenvy.io/careers/', 'https://goenvy.io', 'https://blog.goenvy.io/tag/startup-marketing', 'https://goenvy.io/services/revops/', 'https://www.linkedin.com/in/jasonbrownlee/?originalSubdomain=au', 'https://bair.berkeley.edu/blog/', 'https://goenvy.io/services/b2b-cyber-security-marketing/', 'https://blog.goenvy.io/tag/b2b-marketing', 'https://ai.googleblog.com/', 'http://www.linkedin.com/shareArticle?mini=true&url=https%3A%2F%2Fblog.goenvy.io%2F10-best-ai-marketing-blogs-you-should-follow%3Futm_medium%3Dsocial%26utm_source%3Dlinkedin', 'https://blog.goenvy.io/from-vanilla-to-chunky-monkey-tools-to-sweeten-up-your-content-a-marketing-envy-summer-special', 'https://marketingenvy.com/services/inbound-tech-marketing/', 'https://news.mit.edu/2022/machine-learning-harnessed-extreme-computing-aids-fusion-energy-development-0427', 'https://blog.goenvy.io', 'https://goenvy.io/services/hubspot-implementation-and-onboarding/', 'https://goenvy.io/services/all-about-abm/', 'https://contentmarketinginstitute.com/what-is-content-marketing/', 'https://goenvy.io/resource_type/videos/', 'https://www.youtube.com/@Get_Envy', 'https://goenvy.io/services/ppc-lead-generation/', 'https://goenvy.io/services/inbound-marketing/', 'https://goenvy.io/pricing/', 'https://www.topbots.com/leading-nlp-language-models-2020/', 'https://blog.goenvy.io/9-must-read-uk-cybersecurity-blogs', 'https://goenvy.io/services/marketing-automation/', 'https://www.topbots.com/', 'https://openai.com/blog/codex-apps/', 'http://www.facebook.com/share.php?u=https%3A%2F%2Fblog.goenvy.io%2F10-best-ai-marketing-blogs-you-should-follow%3Futm_medium%3Dsocial%26utm_source%3Dfacebook', 'https://goenvy.io/resource_type/case-studies/', 'https://goenvy.io/privacy-policy/', 'https://www.linkedin.com/company/goenvy/', 'https://www.facebook.com/GoEnvy', 'https://openai.com/blog/best-practices-for-deploying-language-models/', 'https://aws.amazon.com/blogs/machine-learning/', 'https://news.mit.edu/topic/artificial-intelligence2', 'https://goenvy.io/services/startup-marketing/', 'https://towardsai.net/ai/machine-learning', 'https://twitter.com/intent/tweet?original_referer=https%3A%2F%2Fblog.goenvy.io%2F10-best-ai-marketing-blogs-you-should-follow%3Futm_medium%3Dsocial%26utm_source%3Dtwitter&url=https%3A%2F%2Fblog.goenvy.io%2F10-best-ai-marketing-blogs-you-should-follow%3Futm_medium%3Dsocial%26utm_source%3Dtwitter&source=tweetbutton&text=', 'https://www.topbots.com/marketing-ai-research-attribution/', 'https://meetings.hubspot.com/billy-cina', 'https://pub.towardsai.net/common-challenges-in-machine-learning-and-how-to-tackle-them-cc29c47c5f24', 'https://www.instagram.com/goenvy.io/', 'https://goenvy.io/resources/', 'https://goenvy.io/contact/', 'https://goenvy.io/services/', 'https://www.liberties.eu/en/stories/disadvantages-of-artificial-intelligence/44289', 'https://wisdom.tech/blog/2020/11/an-ai-winter-may-be-inevitable-what-we-should-fear-more-an-ai-ice-age/', 'https://machinelearningmastery.com/blog/', 'https://www.marktechpost.com/', 'https://goenvy.io/resource_type/e-books/', 'https://sproutsocial.com/glossary/marketing-funnel/', 'https://towardsai.net/p/machine-learning/ml-algorithms-from-scratch-in-python', 'https://goenvy.io/services/marketing-operations/', 'https://wisdom.tech/blogs/', 'https://goenvy.io/contact', 'https://twitter.com/mktgenvy', 'https://goenvy.io/about-us/', 'https://blog.goenvy.io/top-10-cloud-computing-blogs-to-follow'}","[(2.5654147488540784, 'https://towardsai.net/p/machine-learning/ml-algorithms-from-scratch-in-python'), (2.3420236179137217, 'https://towardsai.net/ai/machine-learning'), (2.1324108271964386, 'https://research.aimultiple.com/advantages-of-ai/'), (1.6271459425797652, 'https://www.liberties.eu/en/stories/disadvantages-of-artificial-intelligence/44289'), (1.4596087331426828, 'https://aws.amazon.com/blogs/machine-learning/'), (1.450545988701718, 'https://www.marktechpost.com/'), (0.9284766908852593, 'https://blog.goenvy.io/tag/startup-marketing'), (0.9053574604251857, 'https://openai.com/'), (0.7537783614444094, 'https://ai.googleblog.com/'), (0.6810092530676158, 'https://pub.towardsai.net/common-challenges-in-machine-learning-and-how-to-tackle-them-cc29c47c5f24'), (0.4995838534443406, 'https://news.mit.edu/topic/artificial-intelligence2'), (0.2860647838453115, 'https://openai.com/blog/codex-apps/'), (0.2420299468734113, 'https://bair.berkeley.edu/blog/'), (0.14913749656797337, 'https://openai.com/blog/best-practices-for-deploying-language-models/'), (0.12562972690740135, 'https://blog.goenvy.io/9-must-read-uk-cybersecurity-blogs'), (0.10903109355965859, 'https://blog.goenvy.io/top-10-cloud-computing-blogs-to-follow'), (0.0, 'https://www.youtube.com/@Get_Envy'), (0.0, 'https://www.topbots.com/marketing-ai-research-attribution/'), (0.0, 'https://www.topbots.com/leading-nlp-language-models-2020/'), (0.0, 'https://www.topbots.com/'), (0.0, 'https://www.instagram.com/goenvy.io/'), (0.0, 'https://www.facebook.com/GoEnvy'), (0.0, 'https://wisdom.tech/blogs/'), (0.0, 'https://wisdom.tech/blog/2020/11/an-ai-winter-may-be-inevitable-what-we-should-fear-more-an-ai-ice-age/'), (0.0, 'https://twitter.com/mktgenvy'), (0.0, 'https://twitter.com/intent/tweet?original_referer=https%3A%2F%2Fblog.goenvy.io%2F10-best-ai-marketing-blogs-you-should-follow%3Futm_medium%3Dsocial%26utm_source%3Dtwitter&url=https%3A%2F%2Fblog.goenvy.io%2F10-best-ai-marketing-blogs-you-should-follow%3Futm_medium%3Dsocial%26utm_source%3Dtwitter&source=tweetbutton&text='), (0.0, 'https://sproutsocial.com/glossary/marketing-funnel/'), (0.0, 'https://news.mit.edu/2022/machine-learning-harnessed-extreme-computing-aids-fusion-energy-development-0427'), (0.0, 'https://marketingenvy.com/services/inbound-tech-marketing/'), (0.0, 'https://goenvy.io/services/startup-marketing/'), (0.0, 'https://goenvy.io/services/revops/'), (0.0, 'https://goenvy.io/services/ppc-lead-generation/'), (0.0, 'https://goenvy.io/services/marketing-operations/'), (0.0, 'https://goenvy.io/services/marketing-automation/'), (0.0, 'https://goenvy.io/services/inbound-marketing/'), (0.0, 'https://goenvy.io/services/hubspot-implementation-and-onboarding/'), (0.0, 'https://goenvy.io/services/b2b-cyber-security-marketing/'), (0.0, 'https://goenvy.io/services/b2b-creative-and-message-testing/'), (0.0, 'https://goenvy.io/services/all-about-abm/'), (0.0, 'https://goenvy.io/services/'), (0.0, 'https://goenvy.io/resources/'), (0.0, 'https://goenvy.io/resource_type/videos/'), (0.0, 'https://goenvy.io/resource_type/e-books/'), (0.0, 'https://goenvy.io/resource_type/case-studies/'), (0.0, 'https://goenvy.io/privacy-policy/'), (0.0, 'https://goenvy.io/pricing/'), (0.0, 'https://goenvy.io/events/'), (0.0, 'https://goenvy.io/contact/'), (0.0, 'https://goenvy.io/contact'), (0.0, 'https://goenvy.io/careers/'), (0.0, 'https://goenvy.io/about-us/'), (0.0, 'https://goenvy.io'), (0.0, 'https://contentmarketinginstitute.com/what-is-content-marketing/'), (0.0, 'https://blog.goenvy.io/tag/b2b-marketing'), (0.0, 'https://blog.goenvy.io/from-vanilla-to-chunky-monkey-tools-to-sweeten-up-your-content-a-marketing-envy-summer-special'), (0.0, 'http://www.linkedin.com/shareArticle?mini=true&url=https%3A%2F%2Fblog.goenvy.io%2F10-best-ai-marketing-blogs-you-should-follow%3Futm_medium%3Dsocial%26utm_source%3Dlinkedin'), (0.0, 'http://www.facebook.com/share.php?u=https%3A%2F%2Fblog.goenvy.io%2F10-best-ai-marketing-blogs-you-should-follow%3Futm_medium%3Dsocial%26utm_source%3Dfacebook')]","  (0, 182)	0.02439387205328132
  (0, 380)	0.01219693602664066
  (0, 211)	0.01219693602664066
  (0, 126)	0.01219693602664066
  (0, 350)	0.01219693602664066
  (0, 370)	0.01219693602664066
  (0, 238)	0.01219693602664066
  (0, 59)	0.01219693602664066
  (0, 401)	0.01219693602664066
  (0, 81)	0.01219693602664066
  (0, 383)	0.01219693602664066
  (0, 70)	0.01219693602664066
  (0, 371)	0.01219693602664066
  (0, 391)	0.01219693602664066
  (0, 328)	0.01219693602664066
  (0, 233)	0.01219693602664066
  (0, 51)	0.01219693602664066
  (0, 426)	0.01219693602664066
  (0, 327)	0.01219693602664066
  (0, 417)	0.01219693602664066
  (0, 319)	0.01219693602664066
  (0, 5)	0.01219693602664066
  (0, 115)	0.01219693602664066
  (0, 330)	0.01219693602664066
  (0, 408)	0.02439387205328132
  :	:
  (0, 39)	0.02439387205328132
  (0, 174)	0.01219693602664066
  (0, 179)	0.03659080807992198
  (0, 241)	0.03659080807992198
  (0, 234)	0.01219693602664066
  (0, 120)	0.01219693602664066
  (0, 48)	0.5488621211988297
  (0, 289)	0.01219693602664066
  (0, 86)	0.01219693602664066
  (0, 96)	0.01219693602664066
  (0, 10)	0.03659080807992198
  (0, 294)	0.02439387205328132
  (0, 11)	0.01219693602664066
  (0, 87)	0.01219693602664066
  (0, 71)	0.02439387205328132
  (0, 389)	0.01219693602664066
  (0, 306)	0.03659080807992198
  (0, 184)	0.0609846801332033
  (0, 29)	0.0609846801332033
  (0, 308)	0.02439387205328132
  (0, 134)	0.09757548821312528
  (0, 50)	0.04878774410656264
  (0, 12)	0.6220437373586737
  (0, 166)	0.02439387205328132
  (0, 0)	0.09757548821312528","['generative AI', 'general intelligence', 'improvements', 'smart machines', 'scary']"
2.5654147488540784,https://towardsai.net/p/machine-learning/ml-algorithms-from-scratch-in-python,https://blog.goenvy.io/10-best-ai-marketing-blogs-you-should-follow,"{'https://towardsai.net/wp-admin/admin-ajax.php?action=process_simple_like&post_id=17307&nonce=f7b74e2c56&is_comment=0&disabled=true', 'https://towardsai.net/ai/news', 'https://towardsai.net/p/tag/data-engineering', 'https://towardsai.net/p/news/best-laptops-for-machine-learning-deep-learning-data-science-ml-f55602197593', 'https://towardsai.net/p/machine-learning/differences-between-ai-and-machine-learning-1255b182fc6', 'https://towardsai.net/p/artificial-intelligence/how-to-build-a-complex-hybrid-ai-model-to-predict-oil-and-gas-project-overcosts', 'https://www.google.com/search?ved=1t:65428&_ga=2.191706990.559569912.1635283323-985655235.1633987376&q=Towards+AI&ludocid=4955254490173856159&lsig=AB86z5Ur3DZsSmdOFFUwd-bMHTIe#fpstate=lie', 'https://towardsai.net/ai/machine-intelligence', 'https://towardsai.net/p/tag/thesequence', 'https://twitter.com/share?text=ML%20Algorithms%20from%20scratch%20in%20Python&url=https%3A%2F%2Ftowardsai.net%2Fp%2Fmachine-learning%2Fml-algorithms-from-scratch-in-python', 'https://towardsai.net/cdn-cgi/l/email-protection#231c505641494640571e6e6f061113624f444c514a574b4e5006111345514c4e0611135040514257404b0611134a4d061113735a574b4c4d05424e5318414c475a1e4b57575350061062061165061165574c5442514750424a0d4d4657061165530611654e42404b4a4d460e4f4642514d4a4d440611654e4f0e424f444c514a574b4e500e45514c4e0e5040514257404b0e4a4d0e535a574b4c4d', 'https://towardsai.net/p/tag/computer-vision', 'https://towardsai.net/p/tag/pandas', 'https://sponsors.towardsai.net/', 'https://towardsai.net/ai/program-management', 'https://towardsai.net/privacy', 'https://towardsai.net/p/ethics/how-to-communicate-with-non-technical-stakeholders', 'https://towardsai.net/p/tag/data-science', 'https://ws.towardsai.net/shop', 'https://towardsai.net/ai/computer-vision', 'https://towardsai.net/p/tag/towards-ai-medium', 'https://towardsai.net/p/machine-learning/when-ai-speaks-mastering-the-art-of-crafting-engaging-ai-conversations', 'https://towardsai.net/p/tag/python', 'https://sponsors.towardsai.net', 'https://towardsai.net/p/machine-learning/this-ai-newsletter-is-all-you-need-36', 'https://towardsai.net/p/', 'https://towardsai.net/ai/self-driving-cars', 'https://towardsai.net/ai/mathematics', 'https://towardsai.net/ai/data-analysis', 'https://towardsai.net/p/tag/nlp', 'https://towardsai.net/ai/careers', 'https://towardsai.net/p/tag/data-analysis', 'https://towardsai.net/ai/education', 'https://towardsai.net/p/machine-learning/best-machine-learning-books-free-and-paid-ml-book-recommendations-40c9ab30b0c', 'https://towardsai.net/p/tag/deep-learning', 'https://pub.towardsai.net/', 'https://towardsai.net/p/tag/education', 'https://contribute.towardsai.net/', 'https://towardsai.net/p/tag/reinforcement-learning', 'https://flipboard.com/@Towards_AI', 'https://towardsai.net/ai/neuroscience', 'https://towardsai.net/p/tag/artificial-intelligence', 'https://towardsai.net/ai/computer-science', 'https://towardsai.net/ai/future', 'https://towardsai.net/p/statistics/descriptive-statistics-21fc0196c1df', 'https://towardsai.net/ai/technology', 'https://www.youtube.com/channel/UCQNjFuhOJM1YqFTPY1Q_kYQ', 'https://towardsai.net/p/machine-learning/how-to-run-stable-diffusion-3x-faster-at-lower-cost', 'https://towardsai.net/p/tag/entrepreneurship', 'https://medium.com/towards-artificial-intelligence', 'https://towardsai.net/ai/programming', 'https://towardsai.net/#publisher', 'https://towardsai.net/cdn-cgi/l/email-protection#395c5d504d564b794d564e584b5d4a585017575c4d', 'https://towardsai.net/cdn-cgi/l/email-protection#57682422353d3234236a1a1b726567163b3038253e233f3a247265673125383a7265672434253623343f7265673e39726567072e233f383971363a276c3538332e6a3f2323272472641672651172651123382036253324363e79393223726511277265113a36343f3e39327a3b323625393e39307265113a3b7a363b3038253e233f3a247a3125383a7a2434253623343f7a3e397a272e233f3839', 'https://towardsai.net/ai/robotics', 'https://towardsai.net/ai/quantum-computing', 'https://towardsai.net/wp-admin/admin-ajax.php?action=process_simple_like&post_id=11792&nonce=f7b74e2c56&is_comment=0&disabled=true', 'https://towardsai.net/p/tag/inventory-management-systems', 'https://linkedin.com/company/towards-artificial-intelligence', 'https://towardsai.net/ai/scholarly', 'https://towardsai.net/p/machine-learning/chat-with-your-healthcare-documents-build-a-chatbot-with-chatgpt-and-langchain', 'https://towardsai.net/p/tag/gpt-4', 'https://towardsai.net/p/tag/sgp', 'https://towardsai.net/p/tag/startup', 'https://towardsai.net/p/tag/prompt', 'https://towardsai.net/', 'https://towardsai.net/ai/data-analytics', 'https://towardsai.net/ai/fairness', 'https://towardsai.net/p/machine-learning/this-ai-newsletter-is-all-you-need-34', 'https://feed.towardsai.net/', 'https://towardsai.net/ai/devops', 'https://towardsai.net/ai/tutorials', 'https://towardsai.net/cdn-cgi/l/email-protection#1262677052667d6573607661737b3c7c7766', 'https://towardsai.net/ai/opinion', 'https://towardsai.net/p/author/editorial-team', 'https://towardsai.net/p/machine-learning/this-ai-newsletter-is-all-you-need-33', 'https://pub.towardsai.net', 'https://towardsai.net/ai/automl', 'https://towardsai.net/ai/newsletter', 'https://towardsai.net/p/tag/mathematics', 'https://towardsai.net/ai/product-management', 'https://towardsai.net/ai/machine-learning', 'https://towardsai.net/p/data-science/best-data-science-books-free-and-paid-data-science-book-recommendations-b519046dcca5', 'https://towardsai.net/p/tag/pytorch', 'https://towardsai.net/p/tag/ai', 'https://towardsai.net/p/tag/finance', 'https://towardsai.net/p/tag/chatgpt', 'https://towardsai.net/p/machine-learning/inside-low-code-llm-microsoft-researchs-novel-prompt-engineering-method-based-on-human-llm-interactions', 'https://community.towardsai.net/', 'https://towardsai.net/ai/nlp', 'https://towardsai.net/ai/data-mining', 'https://towardsai.net/ai/software-engineering', 'https://towardsai.net/ai/bioinformatics', 'https://towardsai.net/subscribe', 'https://towardsai.net/p/tag/shop', 'https://towardsai.net/ai/physics', 'https://towardsai.net/ai/deep-learning', 'https://towardsai.net/p/tag/machine-learning', '\thttps://local.google.com/place?id=4955254490173856159&use=srp&ved=1t%3A65428&_ga=2.191706990.559569912.1635283323-985655235.1633987376#fpstate=lie', 'https://towardsai.net/ai/artificial-intelligence', 'https://towardsai.net/ai/science', 'https://towardsai.net/ai/generative-ai', 'https://towardsai.net/cdn-cgi/l/email-protection#6414110624100b1305160017050d4a0a0110', 'https://towardsai.net/terms/', 'https://github.com/towardsai', 'https://towardsai.net/ai/research', 'https://instagram.com/towards_ai/', 'https://towardsai.net/ai/cybersecurity', 'https://towardsai.net/p/author/ifttt-user', 'https://towardsai.net/p/tag/large-language-models', 'https://gumroad.com/l/descriptive-statistics', 'https://towardsai.medium.com', 'https://towardsai.net/ai/editorial', 'https://towardsai.net/ai/data-visualization', 'https://towardsai.net/ai/l', 'https://towardsai.net/p/tag/research', 'https://contribute.towardsai.net', 'https://pub.towardsai.net/archive', 'https://news.google.com/publications/CAAqBwgKMNiLmgswgpayAw?oc=3&ceid=US:en', 'https://towardsai.net/p/tag/neural-networks', 'https://towardsai.net/about', 'https://towardsai.net/p/tag/productivity', 'https://www.linkedin.com/shareArticle?mini=true&url=https%3A%2F%2Ftowardsai.net%2Fp%2Fmachine-learning%2Fml-algorithms-from-scratch-in-python&title=ML%20Algorithms%20from%20scratch%20in%20Python', 'https://medium.com/towards-artificial-intelligence/trending', 'https://towardsai.net/ai/engineering', 'https://towardsai.net/ai/probability', 'https://towardsai.net/wp-admin/admin-ajax.php?action=process_simple_like&post_id=17294&nonce=f7b74e2c56&is_comment=0&disabled=true', 'https://towardsai.net/p/tag/meta', 'https://towardsai.net/cdn-cgi/l/email-protection#1e6e6b7c5e6a71697f6c7a6d7f7730707b6a', 'https://towardsai.net/p/tag/marketing', 'https://towardsai.net/p/machine-learning/ml-algorithms-from-scratch-in-python#respond', 'https://towardsai.net/p/tag/towards-ai%e2%80%8a-%e2%80%8amultidisciplinary-science-journal-medium', 'https://twitter.com/towards_ai?lang=en', 'https://pub.towardsai.net/ml-algorithms-from-scratch-in-python-5caac512eabc?source=rss----98111c9905da---4', 'https://news.google.com/publications/CAAqBwgKMNiLmgswgpayAw', 'https://towardsai.net/p/news/best-workstations-for-deep-learning-data-science-and-machine-learning-ml-4a6e43213b9e', 'https://towardsai.net/ai/optimization', 'https://towardsai.net/wp-admin/admin-ajax.php?action=process_simple_like&post_id=17299&nonce=f7b74e2c56&is_comment=0&disabled=true', 'https://towardsai.net/p/tag/javascript', 'https://towardsai.net/ai/web-scraping', 'https://towardsai.net/#contact', 'https://towardsai.net/p', 'https://members.towardsai.net/', 'https://towardsai.net/p/tag/gpt', 'https://towardsai.net/ai/data-engineering', 'https://towardsai.net/ai/ml-and-art', 'https://gumroad.com/towardsai', 'https://towardsai.net/p/tag/programming', 'https://towardsai.net/p/tag/towards-ai', 'https://twitter.com/towards_ai', 'https://ws.towardsai.net/subscribe', 'https://towardsai.net/p/author/team', 'https://towardsai.net/ai/project-management', 'https://www.instagram.com/towards_ai/', 'https://towardsai.net/p/tag/data-visualization', 'https://towardsai.net/p/tag/tensorflow', 'https://towardsai.net/ai/data-science', 'https://www.facebook.com/v5.0/dialog/share?app_id=1166924400135297&href=https%3A%2F%2Ftowardsai.net%2Fp%2Fmachine-learning%2Fml-algorithms-from-scratch-in-python&p[images][0]=https://cdn-images-1.medium.com/max/698/1*qrPHxn1Q0sVAuBoV5BCcCA.png&p[title]=ML%20Algorithms%20from%20scratch%20in%20Python', 'https://towardsai.net/ai/systems', 'https://towardsai.net/categories', 'https://towardsai.net/p/tag/generative-ai', 'https://towardsai.net/ai/game-theory', 'https://towardsai.net/ai/ethics', 'https://discord.com/invite/V7RGX9XKAW', 'https://towardsai.net/p/tag/technology', 'https://towardsai.net/p/machine-learning/the-age-of-algocamp-exploration-of-generative-art-and-culture', 'https://towardsai.net/p/tag/statistics', 'https://towardsai.net/p/tag/naturallanguageprocessing', 'https://towardsai.net/ai/machine-learning/openai', 'https://www.linkedin.com/company/towards-artificial-intelligence', 'https://towardsai.net/ai/statistics', 'https://www.facebook.com/towardsAl/', 'https://towardsai.net/ai/privacy-and-security', 'https://towardsai.net/ai/cloud-computing', 'https://towardsai.net/p/tag/transformers', 'https://towardsai.net/wp-admin/admin-ajax.php?action=process_simple_like&post_id=17296&nonce=f7b74e2c56&is_comment=0&disabled=true', 'https://pub.towardsai.net/ml-algorithms-from-scratch-in-python-5caac512eabc?source=rss----98111c9905da---4?source=social.tw', 'https://towardsai.net/ai/social-good', 'https://towardsai.net/cdn-cgi/l/email-protection#b5c6c5dadbc6dac7c6f5c1dac2d4c7d1c6d4dc9bdbd0c1', 'https://g.page/TowardsAI?gm', 'https://towardsai.net/p/tag/openai'}","[(3.796283011826484, 'https://towardsai.net/about'), (3.7788970998347176, 'https://towardsai.net/subscribe'), (3.5355339059327378, 'https://discord.com/invite/V7RGX9XKAW'), (3.3655724250102352, 'https://sponsors.towardsai.net/'), (3.3655724250102352, 'https://sponsors.towardsai.net'), (3.3292814962843478, 'https://towardsai.net/ai/generative-ai'), (2.994199690748677, 'https://towardsai.net/p/tag/generative-ai'), (2.970879555111533, 'https://towardsai.net/categories'), (2.9230861094300287, 'https://towardsai.net/ai/newsletter'), (2.875273163926477, 'https://towardsai.net/p/tag/entrepreneurship'), (2.8426762180748053, 'https://towardsai.net/p/tag/startup'), (2.812043212972324, 'https://towardsai.net/ai/news'), (2.76196683841752, 'https://towardsai.net/p/tag/artificial-intelligence'), (2.7607881518711626, 'https://towardsai.net/p/author/editorial-team'), (2.6967994498529686, 'https://ws.towardsai.net/shop'), (2.6967994498529686, 'https://gumroad.com/towardsai'), (2.696116547373226, 'https://towardsai.net/p/machine-learning/this-ai-newsletter-is-all-you-need-34'), (2.620184247301336, 'https://towardsai.net/p/author/team'), (2.620184247301336, 'https://towardsai.medium.com'), (2.597037603991664, 'https://medium.com/towards-artificial-intelligence'), (2.591821915689488, 'https://towardsai.net/p/artificial-intelligence/how-to-build-a-complex-hybrid-ai-model-to-predict-oil-and-gas-project-overcosts'), (2.5654147488540784, 'https://towardsai.net/p/machine-learning/ml-algorithms-from-scratch-in-python#respond'), (2.5563643221923793, 'https://towardsai.net/ai/education'), (2.5446209512303826, 'https://towardsai.net/ai/ethics'), (2.5431358764404086, 'https://towardsai.net/ai/editorial'), (2.527355249654622, 'https://towardsai.net/ai/future'), (2.4879683041748906, 'https://towardsai.net/ai/machine-learning/openai'), (2.4655813293306643, 'https://towardsai.net/p/news/best-workstations-for-deep-learning-data-science-and-machine-learning-ml-4a6e43213b9e'), (2.463079193310644, 'https://towardsai.net/p/tag/finance'), (2.44695294731674, 'https://towardsai.net/ai/opinion'), (2.423295499399198, 'https://towardsai.net/p/'), (2.423295499399198, 'https://towardsai.net/p'), (2.423295499399198, 'https://towardsai.net/ai/l'), (2.416403894654445, 'https://towardsai.net/ai/research'), (2.407368193052867, 'https://towardsai.net/ai/artificial-intelligence'), (2.4063335546990547, 'https://towardsai.net/p/machine-learning/when-ai-speaks-mastering-the-art-of-crafting-engaging-ai-conversations'), (2.402686155817856, 'https://towardsai.net/p/tag/towards-ai-medium'), (2.387131192849389, 'https://towardsai.net/ai/programming'), (2.3763072321500296, 'https://towardsai.net/p/author/ifttt-user'), (2.3750429167669864, 'https://towardsai.net/ai/probability'), (2.364027144223252, 'https://towardsai.net/p/tag/chatgpt'), (2.3570226039551585, 'https://towardsai.net/p/machine-learning/this-ai-newsletter-is-all-you-need-36'), (2.3420236179137217, 'https://towardsai.net/ai/machine-learning'), (2.3390037142659996, 'https://towardsai.net/ai/neuroscience'), (2.3196698094342465, 'https://towardsai.net/ai/data-science'), (2.3149079851753114, 'https://towardsai.net/ai/tutorials'), (2.3099106441183217, 'https://towardsai.net/p/machine-learning/this-ai-newsletter-is-all-you-need-33'), (2.29866108740715, 'https://towardsai.net/ai/fairness'), (2.2919863431035585, 'https://towardsai.net/wp-admin/admin-ajax.php?action=process_simple_like&post_id=17307&nonce=f7b74e2c56&is_comment=0&disabled=true'), (2.2919863431035585, 'https://towardsai.net/p/machine-learning/the-age-of-algocamp-exploration-of-generative-art-and-culture'), (2.2416635963692926, 'https://towardsai.net/p/tag/research'), (2.23606797749979, 'https://www.facebook.com/towardsAl/'), (2.230514053703916, 'https://towardsai.net/ai/data-engineering'), (2.2280060414693748, 'https://towardsai.net/ai/nlp'), (2.2257973608357955, 'https://towardsai.net/ai/deep-learning'), (2.2171101330443497, 'https://towardsai.net/p/tag/ai'), (2.217095981894772, 'https://towardsai.net/p/tag/marketing'), (2.214765395818242, 'https://towardsai.net/p/tag/data-science'), (2.206255101949602, 'https://towardsai.net/privacy'), (2.2026087143464346, 'https://towardsai.net/ai/social-good'), (2.1905657258005604, 'https://towardsai.net/ai/product-management'), (2.1440540752309074, 'https://towardsai.net/ai/technology'), (2.130032168075646, 'https://towardsai.net/ai/project-management'), (2.1291561523412574, 'https://towardsai.net/ai/self-driving-cars'), (2.1229795697371014, 'https://towardsai.net/p/tag/education'), (2.112590932079385, 'https://towardsai.net/ai/devops'), (2.108878474699914, 'https://towardsai.net/ai/game-theory'), (2.089635570956575, 'https://towardsai.net/p/tag/machine-learning'), (2.0805992989095605, 'https://towardsai.net/ai/ml-and-art'), (2.0790154471421585, 'https://towardsai.net/ai/optimization'), (2.0783320316663785, 'https://towardsai.net/ai/statistics'), (2.077906934428246, 'https://towardsai.net/p/machine-learning/inside-low-code-llm-microsoft-researchs-novel-prompt-engineering-method-based-on-human-llm-interactions'), (2.0699523061111993, 'https://towardsai.net/ai/data-mining'), (2.0579336121324916, 'https://towardsai.net/p/tag/towards-ai'), (2.0543150392220357, 'https://towardsai.net/ai/computer-vision'), (2.053308009357382, 'https://towardsai.net/p/tag/meta'), (2.051908706867187, 'https://towardsai.net/p/tag/gpt'), (2.051663013433165, 'https://towardsai.net/ai/automl'), (2.04598301841142, 'https://towardsai.net/ai/science'), (2.043599906545964, 'https://towardsai.net/p/tag/deep-learning'), (2.041241452319315, 'https://instagram.com/towards_ai/'), (2.019044105882164, 'https://towardsai.net/ai/robotics'), (2.0189929247005716, 'https://towardsai.net/ai/careers'), (2.0124333261941088, 'https://towardsai.net/p/tag/inventory-management-systems'), (2.011656677946825, 'https://towardsai.net/p/tag/prompt'), (1.9862652384370794, 'https://towardsai.net/ai/systems'), (1.9828276059068393, 'https://towardsai.net/p/tag/towards-ai%e2%80%8a-%e2%80%8amultidisciplinary-science-journal-medium'), (1.980388282888993, 'https://towardsai.net/ai/software-engineering'), (1.9763067932513392, 'https://towardsai.net/ai/computer-science'), (1.9754159293125728, 'https://towardsai.net/p/tag/python'), (1.973593560521103, 'https://towardsai.net/p/tag/productivity'), (1.970540464429973, 'https://towardsai.net/p/tag/sgp'), (1.964309506583679, 'https://towardsai.net/ai/data-visualization'), (1.9580445076685278, 'https://towardsai.net/ai/physics'), (1.956463952178075, 'https://towardsai.net/ai/data-analytics'), (1.954905637353224, 'https://towardsai.net/ai/bioinformatics'), (1.9385120092537163, 'https://towardsai.net/ai/web-scraping'), (1.9277822311347295, 'https://towardsai.net/p/tag/technology'), (1.9208585229655495, 'https://towardsai.net/ai/privacy-and-security'), (1.9080095830021953, 'https://towardsai.net/ai/cybersecurity'), (1.902127874844723, 'https://towardsai.net/p/tag/gpt-4'), (1.9018762824001358, 'https://towardsai.net/p/machine-learning/how-to-run-stable-diffusion-3x-faster-at-lower-cost'), (1.8998885302185458, 'https://towardsai.net/p/tag/nlp'), (1.8966081045272045, 'https://towardsai.net/p/tag/pandas'), (1.8832573535693464, 'https://towardsai.net/p/tag/neural-networks'), (1.8640028376983129, 'https://towardsai.net/p/tag/javascript'), (1.8582353656179147, 'https://towardsai.net/ai/program-management'), (1.8562879913489916, 'https://towardsai.net/p/tag/large-language-models'), (1.8458017040784025, 'https://towardsai.net/p/tag/computer-vision'), (1.8281810603178263, 'https://towardsai.net/ai/machine-intelligence'), (1.8268231387878626, 'https://towardsai.net/p/tag/statistics'), (1.807392228230129, 'https://towardsai.net/ai/mathematics'), (1.7861771227564271, 'https://towardsai.net/p/tag/openai'), (1.7776704867749147, 'https://towardsai.net/p/tag/naturallanguageprocessing'), (1.7176783733904921, 'https://towardsai.net/p/tag/transformers'), (1.7086328009742542, 'https://towardsai.net/p/ethics/how-to-communicate-with-non-technical-stakeholders'), (1.70103454359943, 'https://towardsai.net/ai/quantum-computing'), (1.670458859661716, 'https://towardsai.net/p/tag/tensorflow'), (1.6672148221383767, 'https://towardsai.net/p/tag/pytorch'), (1.6554431944414065, 'https://towardsai.net/p/tag/data-analysis'), (1.6544840770479705, 'https://towardsai.net/p/machine-learning/differences-between-ai-and-machine-learning-1255b182fc6'), (1.6480856327180395, 'https://towardsai.net/p/tag/data-visualization'), (1.632858775716735, 'https://towardsai.net/p/tag/shop'), (1.616910449942591, 'https://towardsai.net/ai/cloud-computing'), (1.5534244150030008, 'https://towardsai.net/ai/engineering'), (1.526600299546764, 'https://towardsai.net/p/tag/mathematics'), (1.5021666752526053, 'https://towardsai.net/ai/data-analysis'), (1.4828497020706441, 'https://towardsai.net/p/tag/programming'), (1.4782809899727072, 'https://medium.com/towards-artificial-intelligence/trending'), (1.4734721736971534, 'https://towardsai.net/p/tag/data-engineering'), (1.340970468803023, 'https://towardsai.net/ai/scholarly'), (1.3206763594884354, 'https://github.com/towardsai'), (1.296362432175337, 'https://towardsai.net/p/tag/reinforcement-learning'), (1.2942250807963949, 'https://towardsai.net/p/tag/thesequence'), (1.1205198928500446, 'https://towardsai.net/p/news/best-laptops-for-machine-learning-deep-learning-data-science-ml-f55602197593'), (0.8980265101338745, 'https://gumroad.com/l/descriptive-statistics'), (0.8854220041514331, 'https://pub.towardsai.net/archive'), (0.7436869161110432, 'https://towardsai.net/p/machine-learning/chat-with-your-healthcare-documents-build-a-chatbot-with-chatgpt-and-langchain'), (0.6199687892318808, 'https://towardsai.net/p/machine-learning/best-machine-learning-books-free-and-paid-ml-book-recommendations-40c9ab30b0c'), (0.5074862663387483, 'https://towardsai.net/p/data-science/best-data-science-books-free-and-paid-data-science-book-recommendations-b519046dcca5'), (0.3159777159307376, 'https://towardsai.net/terms/'), (0.31120264974278405, 'https://towardsai.net/p/statistics/descriptive-statistics-21fc0196c1df'), (0.29917065181249713, 'https://pub.towardsai.net/ml-algorithms-from-scratch-in-python-5caac512eabc?source=rss----98111c9905da---4'), (0.0, 'https://www.youtube.com/channel/UCQNjFuhOJM1YqFTPY1Q_kYQ'), (0.0, 'https://www.linkedin.com/shareArticle?mini=true&url=https%3A%2F%2Ftowardsai.net%2Fp%2Fmachine-learning%2Fml-algorithms-from-scratch-in-python&title=ML%20Algorithms%20from%20scratch%20in%20Python'), (0.0, 'https://www.google.com/search?ved=1t:65428&_ga=2.191706990.559569912.1635283323-985655235.1633987376&q=Towards+AI&ludocid=4955254490173856159&lsig=AB86z5Ur3DZsSmdOFFUwd-bMHTIe#fpstate=lie'), (0.0, 'https://www.facebook.com/v5.0/dialog/share?app_id=1166924400135297&href=https%3A%2F%2Ftowardsai.net%2Fp%2Fmachine-learning%2Fml-algorithms-from-scratch-in-python&p[images][0]=https://cdn-images-1.medium.com/max/698/1*qrPHxn1Q0sVAuBoV5BCcCA.png&p[title]=ML%20Algorithms%20from%20scratch%20in%20Python'), (0.0, 'https://twitter.com/towards_ai?lang=en'), (0.0, 'https://towardsai.net/cdn-cgi/l/email-protection#231c505641494640571e6e6f061113624f444c514a574b4e5006111345514c4e0611135040514257404b0611134a4d061113735a574b4c4d05424e5318414c475a1e4b57575350061062061165061165574c5442514750424a0d4d4657061165530611654e42404b4a4d460e4f4642514d4a4d440611654e4f0e424f444c514a574b4e500e45514c4e0e5040514257404b0e4a4d0e535a574b4c4d'), (0.0, 'https://news.google.com/publications/CAAqBwgKMNiLmgswgpayAw?oc=3&ceid=US:en'), (0.0, 'https://g.page/TowardsAI?gm'), (0.0, 'https://flipboard.com/@Towards_AI'), (0.0, '\thttps://local.google.com/place?id=4955254490173856159&use=srp&ved=1t%3A65428&_ga=2.191706990.559569912.1635283323-985655235.1633987376#fpstate=lie')]","  (0, 37)	0.030233702757845024
  (0, 71)	0.030233702757845024
  (0, 112)	0.06046740551569005
  (0, 11)	0.030233702757845024
  (0, 166)	0.030233702757845024
  (0, 165)	0.030233702757845024
  (0, 86)	0.030233702757845024
  (0, 120)	0.030233702757845024
  (0, 108)	0.030233702757845024
  (0, 150)	0.030233702757845024
  (0, 26)	0.030233702757845024
  (0, 62)	0.030233702757845024
  (0, 30)	0.030233702757845024
  (0, 56)	0.030233702757845024
  (0, 140)	0.030233702757845024
  (0, 55)	0.030233702757845024
  (0, 66)	0.030233702757845024
  (0, 110)	0.030233702757845024
  (0, 116)	0.06046740551569005
  (0, 0)	0.030233702757845024
  (0, 107)	0.030233702757845024
  (0, 172)	0.030233702757845024
  (0, 102)	0.030233702757845024
  (0, 163)	0.030233702757845024
  (0, 33)	0.030233702757845024
  :	:
  (0, 91)	0.030233702757845024
  (0, 160)	0.030233702757845024
  (0, 79)	0.030233702757845024
  (0, 121)	0.06046740551569005
  (0, 134)	0.030233702757845024
  (0, 4)	0.030233702757845024
  (0, 162)	0.030233702757845024
  (0, 70)	0.030233702757845024
  (0, 100)	0.1209348110313801
  (0, 168)	0.030233702757845024
  (0, 69)	0.030233702757845024
  (0, 158)	0.030233702757845024
  (0, 38)	0.030233702757845024
  (0, 130)	0.030233702757845024
  (0, 155)	0.030233702757845024
  (0, 128)	0.030233702757845024
  (0, 34)	0.030233702757845024
  (0, 164)	0.06046740551569005
  (0, 61)	0.030233702757845024
  (0, 12)	0.6651414606725905
  (0, 156)	0.2418696220627602
  (0, 123)	0.09070110827353507
  (0, 139)	0.06046740551569005
  (0, 15)	0.06046740551569005
  (0, 98)	0.15116851378922513","['generative AI', 'general intelligence', 'improvements', 'smart machines', 'scary']"
3.796283011826484,https://towardsai.net/about,https://blog.goenvy.io/10-best-ai-marketing-blogs-you-should-follow,"{'https://pub.towardsai.net/@shuklapratik22?source=collection_editor_card', 'https://pub.towardsai.net/@channaseeb?source=collection_writer_card', 'https://parasvarshney.ml', 'https://pub.towardsai.net/@mohitv?source=collection_writer_card', 'https://pub.towardsai.net/@panos.moutafis?source=collection_writer_card', 'https://github.com/AlisonYao', 'https://pub.towardsai.net/@AlisonYuhanYao?source=collection_writer_card', 'https://pub.towardsai.net/@girish.vijay?source=collection_writer_card', 'https://pub.towardsai.net/@ahmhashesh?source=collection_writer_card', 'https://pub.towardsai.net/@gabrielsgoncalves?source=collection_writer_card', 'https://pub.towardsai.net/@martin.decombarieu?source=collection_writer_card', 'https://pub.towardsai.net/@fsferraz?source=collection_writer_card', 'https://codingtofreedom.substack.com/', 'https://pub.towardsai.net/@mathadam?source=collection_writer_card', 'https://pub.towardsai.net/@frederikbussler?source=collection_writer_card', 'https://pub.towardsai.net/@achraf_khazri?source=collection_writer_card', 'https://pub.towardsai.net/@aroonin?source=collection_writer_card', 'https://pub.towardsai.net/@clairvoyantcoding?source=collection_writer_card', 'https://medium.com/', 'https://pub.towardsai.net/@opophehu?source=collection_writer_card', 'https://pub.towardsai.net/@pranjalai?source=collection_writer_card', 'https://www.datainterviewpro.com/', 'https://pub.towardsai.net/@tanuj-jain?source=collection_writer_card', 'https://pub.towardsai.net/@FrancescoZ?source=collection_writer_card', 'https://pub.towardsai.net/@prajeen.v?source=collection_writer_card', 'https://pub.towardsai.net/@saray.towardsai?source=collection_editor_card', 'https://pub.towardsai.net/@gsnWrites?source=collection_writer_card', 'https://pub.towardsai.net/@seanjudelyons?source=collection_writer_card', 'https://pub.towardsai.net/@deniz.tuzsus?source=collection_writer_card', 'https://pub.towardsai.net/@sunnychugh?source=collection_writer_card', 'https://pub.towardsai.net/@peterzhegin?source=collection_writer_card', 'https://pub.towardsai.net/@binaldave09?source=collection_editor_card', 'https://pub.towardsai.net/@daparna924?source=collection_writer_card', 'https://pub.towardsai.net/@risingdeveloper?source=collection_writer_card', 'https://pub.towardsai.net/@blurred-machine?source=collection_writer_card', 'https://pub.towardsai.net/@mourya.polaka?source=collection_writer_card', 'https://pub.towardsai.net/@nicolotognoni?source=collection_writer_card', 'https://www.linkedin.com/in/ramsha-azeemi-055857172', 'https://pub.towardsai.net/@minaienick?source=collection_writer_card', 'https://www.linkedin.com/in/stavros-theocharis-aab8ba114', 'https://pub.towardsai.net/@akhiltvsn?source=collection_writer_card', 'https://www.louisbouchard.ai/', 'https://pub.towardsai.net/@shahariarrabby?source=collection_writer_card', 'https://pub.towardsai.net/@ocampor?source=collection_writer_card', 'https://pub.towardsai.net/@ksuryaremanan?source=collection_writer_card', 'https://pub.towardsai.net/@fiennyangeln?source=collection_writer_card', 'https://pub.towardsai.net/@rahul.lalchandani?source=collection_writer_card', 'https://pub.towardsai.net/@caio-davi?source=collection_writer_card', 'https://pub.towardsai.net/@ardito.bryan?source=collection_writer_card', 'https://pub.towardsai.net/@stuart.kasemeier?source=collection_writer_card', 'https://kovidrathee.medium.com/membership', 'https://pub.towardsai.net/@regitaz?source=collection_writer_card', 'https://pub.towardsai.net/@robiriondo?source=collection_editor_card', 'https://www.linkedin.com/in/channaseeb/', 'https://pub.towardsai.net/@jordan.hambleton?source=collection_writer_card', 'https://www.linkedin.com/in/jordanh', 'https://pub.towardsai.net/@maciejbalawejder?source=collection_writer_card', 'https://pub.towardsai.net/@dutchengineer?source=collection_writer_card', 'https://gencay.ck.page/chatgpt', 'https://pub.towardsai.net/@dwiuzila?source=collection_writer_card', 'https://pub.towardsai.net/@abdultawwabsafarji?source=collection_writer_card', 'https://pub.towardsai.net/@thedataguru?source=collection_writer_card', 'https://pub.towardsai.net/@erickrfonseca?source=collection_writer_card', 'https://pub.towardsai.net/@tanvirhurra?source=collection_writer_card', 'https://www.linkedin.com/in/dvlshah', 'https://pub.towardsai.net/@akulahemanth?source=collection_writer_card', 'https://pub.towardsai.net/@pietraferreira?source=collection_writer_card', 'https://pub.towardsai.net/@mimran_11609?source=collection_writer_card', 'https://pub.towardsai.net/@pcmaldonado?source=collection_writer_card', 'https://pub.towardsai.net/@gaganmanku96?source=collection_writer_card', 'https://github.com/Poulinakis-Konstantinos/Blogging-Journey', 'https://pub.towardsai.net/@besmiranushi?source=collection_writer_card', 'https://pub.towardsai.net/@saketuoft?source=collection_writer_card', 'https://pub.towardsai.net/@vatsal12-p?source=collection_writer_card', 'https://pub.towardsai.net/@sumudutennakoon?source=collection_writer_card', 'https://pub.towardsai.net/@maxpruv?source=collection_writer_card', 'https://pub.towardsai.net/@anaparravera?source=collection_writer_card', 'https://pub.towardsai.net/@BH_Chinmay?source=collection_writer_card', 'https://bit.ly/3lnGG3E', 'https://unaccompaniedminor.substack.com/', 'https://pub.towardsai.net/@arvin-singhk?source=collection_writer_card', 'https://pub.towardsai.net/@yashveersinghsohi?source=collection_writer_card', 'https://pub.towardsai.net/@vanhoucke?source=collection_writer_card', 'https://pub.towardsai.net/@brandenlisk?source=collection_writer_card', 'https://open.spotify.com/show/6iplKzkoKtX2Eayi7auq9s', 'https://pub.towardsai.net/@fneves?source=collection_writer_card', 'https://pub.towardsai.net/@whats-ai?source=collection_editor_card', 'https://pub.towardsai.net/@alyshmahell?source=collection_writer_card', 'https://pub.towardsai.net/@gabrielemattioli98?source=collection_writer_card', 'https://pub.towardsai.net/@eklochikhin?source=collection_writer_card', 'https://pub.towardsai.net/@josh-lauer?source=collection_writer_card', 'https://pub.towardsai.net/@claireyan?source=collection_writer_card', 'https://pub.towardsai.net/@rajuram.mama?source=collection_writer_card', 'https://pub.towardsai.net/@raivat?source=collection_writer_card', 'https://pub.towardsai.net/@zalberto.18?source=collection_editor_card', 'https://pub.towardsai.net/@louiepeters?source=collection_editor_card', 'https://pub.towardsai.net/@furrukhsana?source=collection_writer_card', 'https://breakdowndata.com/top-10-reasons-why-87-of-machine-learning-projects-fail/', 'https://www.linkedin.com/in/jayantkodwani/', 'https://medium.com/m/signin?redirect=https%3A%2F%2Fpub.towardsai.net%2Fabout&source=--------------------------nav_reg&operation=login', 'https://pub.towardsai.net/@poddiachyi?source=collection_writer_card', 'https://pub.towardsai.net/@akdm?source=collection_writer_card', 'https://pub.towardsai.net', 'https://pub.towardsai.net/@williamhuybui?source=collection_writer_card', 'https://pub.towardsai.net/@towards_ai?source=collection_writer_card', 'https://pub.towardsai.net/@mahishapatel?source=collection_writer_card', 'https://pub.towardsai.net/@inahanninger?source=collection_writer_card', 'https://pub.towardsai.net/@rtverma121?source=collection_writer_card', 'https://pub.towardsai.net/@rajviishah?source=collection_writer_card', 'https://pub.towardsai.net/@awjuliani?source=collection_writer_card', 'https://pub.towardsai.net/@martincs14?source=collection_writer_card', 'https://pub.towardsai.net/@carlehewitt?source=collection_writer_card', 'https://pub.towardsai.net/@Eyaltra?source=collection_writer_card', 'https://pub.towardsai.net?source=logo-lo_a576f7009a1b---98111c9905da', 'https://pub.towardsai.net/@Jillian_Scudder?source=collection_writer_card', 'https://www.researchgate.net/profile/Thorsten_Hoeser2', 'https://pub.towardsai.net/@17.rsuraj?source=collection_writer_card', 'https://www.linkedin.com/in/beltus/', 'https://github.com/rafayqayyum', 'https://pub.towardsai.net/@luhuihu?source=collection_writer_card', 'https://pub.towardsai.net/@zghrib?source=collection_writer_card', 'https://pub.towardsai.net/@dgrahn?source=collection_writer_card', 'https://pub.towardsai.net/@chiusanofabio94?source=collection_editor_card', 'https://www.linkedin.com/in/yuhanyao/', 'https://opeyemibami.github.io/yhemmy/', 'https://pub.towardsai.net/@rosie-harman?source=collection_writer_card', 'https://pub.towardsai.net/@mohneesh0?source=collection_writer_card', 'https://pub.towardsai.net/@mattiagatti?source=collection_writer_card', 'https://www.linkedin.com/in/bideep/', 'https://www.linkedin.com/in/ahmed-hashesh-01583784/', 'https://pub.towardsai.net/@vishaltien?source=collection_writer_card', 'https://pub.towardsai.net/@ramshaazeemi2?source=collection_writer_card', 'https://pub.towardsai.net/@nishu-jain?source=collection_writer_card', 'https://pub.towardsai.net/@itsoja?source=collection_writer_card', 'https://pub.towardsai.net/@sujanshirol?source=collection_editor_card', 'https://pub.towardsai.net/@egorhowell?source=collection_writer_card', 'https://pub.towardsai.net/@pablovesnine?source=collection_writer_card', 'https://pub.towardsai.net/@ranjeet_thakur?source=collection_writer_card', 'https://pub.towardsai.net/@nickayton?source=collection_writer_card', 'https://pub.towardsai.net/@ironwoman-ai?source=collection_writer_card', 'https://pub.towardsai.net/@megandibble?source=collection_writer_card', 'https://pub.towardsai.net/@tanishraja75?source=collection_writer_card', 'https://pub.towardsai.net/@stavrostheocharis?source=collection_writer_card', 'https://pub.towardsai.net/@kjartanmuller?source=collection_writer_card', 'https://www.linkedin.com/in/devarsh-raval-1b8961188/', 'https://pub.towardsai.net/@jairribeiro?source=collection_writer_card', 'https://in.linkedin.com/in/tanvirhurra', 'https://pub.towardsai.net/@florianglufke?source=collection_writer_card', 'https://pub.towardsai.net/@timenalls?source=collection_writer_card', 'https://pub.towardsai.net/@a.i.gorina?source=collection_writer_card', 'https://pub.towardsai.net/@devshah1?source=collection_writer_card', 'https://pub.towardsai.net/@hotglue?source=collection_writer_card', 'https://pub.towardsai.net/@massi.costacurta?source=collection_writer_card', 'https://pub.towardsai.net/@salernoali?source=collection_writer_card', 'https://pub.towardsai.net/@rafayqayyum?source=collection_writer_card', 'https://pub.towardsai.net/@watkinsnbw?source=collection_writer_card', 'https://pythonalgos.com', 'https://pub.towardsai.net/@davidmulholland17?source=collection_writer_card', 'https://www.buymeacoffee.com/devalshah', 'https://pub.towardsai.net/@danicadamljanovic?source=collection_writer_card', 'https://pub.towardsai.net/@mur-li?source=collection_writer_card', 'https://pub.towardsai.net/@poulinakis.kon?source=collection_writer_card', 'https://pub.towardsai.net/@nurudeenadesina?source=collection_writer_card', 'https://pub.towardsai.net/@rangys3?source=collection_writer_card', 'https://pub.towardsai.net/@keypressingmonkey?source=collection_writer_card', 'https://tinyurl.com/3fehn8pw', 'https://medium.com/m/signin?redirect=https%3A%2F%2Fpub.towardsai.net%2Fabout&source=--------------------------nav_reg&operation=register', 'https://pub.towardsai.net/@travis-tang?source=collection_writer_card', 'https://pub.towardsai.net/@nateleni?source=collection_writer_card', 'https://pub.towardsai.net/@spierre91?source=collection_writer_card', 'https://pub.towardsai.net/@jpresta?source=collection_writer_card', 'https://pub.towardsai.net/@emmading?source=collection_writer_card', 'https://www.linkedin.com/in/martin-de-combarieu/', 'https://pub.towardsai.net/@gndjel3043?source=collection_writer_card', 'https://pub.towardsai.net/@filipefilardi?source=collection_writer_card', 'https://pub.towardsai.net/@modern-cdo?source=collection_writer_card', 'https://links.nishu.io', 'https://www.linkedin.com/in/khazri-achraf-890549113/', 'https://pub.towardsai.net/@praneethguduguntla?source=collection_writer_card', 'https://pub.towardsai.net/@anishmalpani?source=collection_writer_card', 'https://pub.towardsai.net/@ryan-louis-stevens?source=collection_writer_card', 'https://pub.towardsai.net/@thorsten.hoser?source=collection_writer_card', 'https://pub.towardsai.net/@riyukhandelwal?source=collection_writer_card', 'https://pub.towardsai.net/@sameen-ss?source=collection_writer_card', 'https://pub.towardsai.net/@dmitry.obukhov_ML?source=collection_writer_card', 'https://pr2tik1.github.io', 'https://pub.towardsai.net/@satyaganesh?source=collection_writer_card', 'https://www.linkedin.com/in/rajviishah/', 'https://www.linkedin.com/in/mukthasaiajay/', 'https://pcmaldonado.github.io', 'https://pub.towardsai.net/@mikhail-simin?source=collection_writer_card', 'https://nicolotognoni.github.io/', 'https://towardsai.net/p', 'https://pub.towardsai.net/@devarsh.raval?source=collection_writer_card', 'https://pub.towardsai.net/@sergicastella?source=collection_writer_card', 'https://pub.towardsai.net/@benkoller?source=collection_writer_card', 'https://pub.towardsai.net/@hsayedi?source=collection_writer_card', 'https://pub.towardsai.net/@ilyasiyoob?source=collection_writer_card', 'https://pub.towardsai.net/@jayant.kodwani?source=collection_writer_card', 'https://pub.towardsai.net/@kbaghaei?source=collection_writer_card', 'https://pub.towardsai.net/@anamb?source=collection_writer_card', 'https://pub.towardsai.net/@marc.jacobs012?source=collection_writer_card', 'https://pub.towardsai.net/@shivamohan07?source=collection_writer_card', 'https://pub.towardsai.net/@bbideep?source=collection_writer_card', 'https://medium.com/@egorhowell/subscribe', 'https://pub.towardsai.net/@antsanchez.dev?source=collection_editor_card', 'https://pub.towardsai.net/@schotterschorsch?source=collection_writer_card', 'https://pub.towardsai.net/@vivekchaudhary90?source=collection_writer_card', 'https://pub.towardsai.net/@DataSenseiAryan?source=collection_writer_card', 'https://pranjalai.medium.com/membership', 'https://pub.towardsai.net/@tai-tech?source=collection_editor_card', 'https://pub.towardsai.net/@ibrahim-olawale13?source=collection_writer_card', 'https://pub.towardsai.net/@karenfort?source=collection_writer_card', 'https://www.linkedin.com/in/mahisha-patel/', 'https://pub.towardsai.net/submit-your-medium-story-to-towards-ai-a4fa7e8b141d', 'https://pub.towardsai.net/@davidschiff_35251?source=collection_writer_card', 'https://pub.towardsai.net/@tobi-olabode?source=collection_writer_card', 'https://pub.towardsai.net/@madhav_mishra?source=collection_writer_card', 'https://pub.towardsai.net/@caro.negrelli?source=collection_writer_card', 'https://pub.towardsai.net/@tabrezsyed?source=collection_writer_card', 'https://pub.towardsai.net/@MatthewPutman?source=collection_writer_card', 'https://pub.towardsai.net/@gkhayes?source=collection_writer_card', 'https://pub.towardsai.net/@skanda-vivek?source=collection_writer_card', 'https://pub.towardsai.net/@murat.acar?source=collection_writer_card', 'https://ws.towardsai.net/team', 'https://pub.towardsai.net/@beltusnkwawir?source=collection_writer_card', 'https://pub.towardsai.net/@rajadev?source=collection_writer_card', 'https://pub.towardsai.net/@nbrites?source=collection_writer_card', 'https://pub.towardsai.net/@niteshmsoragavi?source=collection_editor_card', 'https://pub.towardsai.net/@mustafagultekinn01?source=collection_writer_card', 'https://rsci.app.link/?%24canonical_url=https%3A%2F%2Fmedium.com/towards-artificial-intelligence%3F~feature=LoMobileNavBar&~channel=ShowCollectionHome&~stage=m2', 'https://pub.towardsai.net/@amitgriyaghey?source=collection_writer_card', 'https://pub.towardsai.net/@ajaymuktha?source=collection_writer_card', 'https://pub.towardsai.net/@pr2tik1?source=collection_writer_card', 'https://pub.towardsai.net/@dniggl?source=collection_writer_card', 'https://pub.towardsai.net/@sen.mohua?source=collection_writer_card', 'https://pub.towardsai.net/@ted.tuescher?source=collection_writer_card', 'https://www.teastatistic.com/', 'https://pub.towardsai.net/@geencay?source=collection_writer_card', 'https://anishmalpani.com', 'https://www.linkedin.com/in/vatsal-p-a57978149/', 'https://pub.towardsai.net/@vidyapb?source=collection_writer_card', 'https://www.robertoiriondo.com/', 'https://pub.towardsai.net/@rmhariharan?source=collection_writer_card', 'https://pub.towardsai.net/@ytang07?source=collection_writer_card', 'https://pub.towardsai.net/@ankitsirmorya18?source=collection_writer_card', 'https://pub.towardsai.net/@devalshah1619?source=collection_writer_card', 'https://pub.towardsai.net/@priyansh.tripathi1997?source=collection_writer_card', 'https://pub.towardsai.net/@arun-rajendran?source=collection_writer_card', 'https://pub.towardsai.net/@towardsai?source=collection_editor_card', 'https://pub.towardsai.net/@JohnEHenderson?source=collection_writer_card', 'https://buymeacoff.ee/AlyShmahell', 'https://pub.towardsai.net/@inderjeetbilkhu?source=collection_writer_card', 'https://pub.towardsai.net/@carlos-gg?source=collection_writer_card', 'https://pub.towardsai.net/@mnh78614?source=collection_writer_card', 'https://pub.towardsai.net/@fromain?source=collection_writer_card', 'https://pub.towardsai.net/@ccaballero?source=collection_writer_card', 'https://pub.towardsai.net/@jonas_dieckmann?source=collection_writer_card', 'https://pub.towardsai.net/@kovidrathee?source=collection_writer_card', 'https://pub.towardsai.net/@opeyemibami?source=collection_writer_card', 'https://asanchez.dev', 'https://pub.towardsai.net/@minhanhng.4an?source=collection_writer_card', 'https://pub.towardsai.net/@anthdm?source=collection_writer_card'}","[(3.1465838776377626, 'https://www.robertoiriondo.com/'), (2.6888761631270306, 'https://www.louisbouchard.ai/'), (2.423295499399198, 'https://towardsai.net/p'), (0.6378648833438428, 'https://pythonalgos.com'), (0.39230470244656035, 'https://open.spotify.com/show/6iplKzkoKtX2Eayi7auq9s'), (0.28964222318174593, 'https://nicolotognoni.github.io/'), (0.11746024643373484, 'https://parasvarshney.ml'), (0.0, 'https://www.datainterviewpro.com/'), (0.0, 'https://www.buymeacoffee.com/devalshah'), (0.0, 'https://tinyurl.com/3fehn8pw'), (0.0, 'https://pr2tik1.github.io'), (0.0, 'https://opeyemibami.github.io/yhemmy/'), (0.0, 'https://links.nishu.io'), (0.0, 'https://github.com/rafayqayyum'), (0.0, 'https://github.com/Poulinakis-Konstantinos/Blogging-Journey'), (0.0, 'https://github.com/AlisonYao'), (0.0, 'https://gencay.ck.page/chatgpt'), (0.0, 'https://codingtofreedom.substack.com/'), (0.0, 'https://buymeacoff.ee/AlyShmahell'), (0.0, 'https://breakdowndata.com/top-10-reasons-why-87-of-machine-learning-projects-fail/'), (0.0, 'https://asanchez.dev'), (0.0, 'https://anishmalpani.com')]","  (0, 20)	0.05423261445466404
  (0, 76)	0.05423261445466404
  (0, 31)	0.05423261445466404
  (0, 10)	0.05423261445466404
  (0, 25)	0.05423261445466404
  (0, 56)	0.05423261445466404
  (0, 22)	0.05423261445466404
  (0, 40)	0.05423261445466404
  (0, 23)	0.05423261445466404
  (0, 45)	0.05423261445466404
  (0, 24)	0.05423261445466404
  (0, 66)	0.05423261445466404
  (0, 21)	0.05423261445466404
  (0, 77)	0.05423261445466404
  (0, 14)	0.05423261445466404
  (0, 27)	0.05423261445466404
  (0, 73)	0.05423261445466404
  (0, 48)	0.05423261445466404
  (0, 38)	0.05423261445466404
  (0, 52)	0.05423261445466404
  (0, 18)	0.05423261445466404
  (0, 63)	0.05423261445466404
  (0, 32)	0.05423261445466404
  (0, 33)	0.05423261445466404
  (0, 58)	0.05423261445466404
  :	:
  (0, 61)	0.05423261445466404
  (0, 62)	0.05423261445466404
  (0, 44)	0.05423261445466404
  (0, 34)	0.05423261445466404
  (0, 51)	0.05423261445466404
  (0, 35)	0.10846522890932808
  (0, 9)	0.10846522890932808
  (0, 17)	0.05423261445466404
  (0, 67)	0.05423261445466404
  (0, 26)	0.05423261445466404
  (0, 6)	0.05423261445466404
  (0, 5)	0.16269784336399212
  (0, 0)	0.05423261445466404
  (0, 50)	0.05423261445466404
  (0, 11)	0.10846522890932808
  (0, 15)	0.10846522890932808
  (0, 29)	0.10846522890932808
  (0, 55)	0.05423261445466404
  (0, 43)	0.10846522890932808
  (0, 42)	0.05423261445466404
  (0, 46)	0.05423261445466404
  (0, 1)	0.05423261445466404
  (0, 57)	0.05423261445466404
  (0, 2)	0.7592566023652966
  (0, 68)	0.32539568672798425","['generative AI', 'general intelligence', 'improvements', 'smart machines', 'scary']"
3.1465838776377626,https://www.robertoiriondo.com/,https://blog.goenvy.io/10-best-ai-marketing-blogs-you-should-follow,"{'https://cohere.ai/', 'https://jobs.lever.co/cohere', 'https://medium.com/@robiriondo', 'https://www.towardsai.net/robiriondo', 'https://towardsai.net/', 'https://feeds.feedburner.com/robiriondo', 'https://snorkel.ai/', 'https://sponsors.towardsai.net', 'https://www.robertoiriondo.com/cdn-cgi/l/email-protection#09296a66677d686a7d497b666b6c7b7d66607b6066676d66276a6664', 'https://github.com/robiriondo', 'https://blog.robertoiriondo.com/', 'https://twitter.com/robiriondo', 'https://www.ml.cmu.edu/robiriondo', 'https://www.twitter.com/robiriondo', 'https://en.wikipedia.org/wiki/Pittsburgh', 'https://towardsai.net/?', 'https://en.wikipedia.org/wiki/San_Francisco', 'https://www.robertoiriondo.com/cdn-cgi/l/email-protection#a5c6cacbd1c4c6d1e5d7cac7c0d7d1caccd7cccacbc1ca8bc6cac8', 'https://www.linkedin.com/in/robiriondo', 'https://en.wikipedia.org/wiki/Orlando,_Florida', 'https://www.robertoiriondo.com/cdn-cgi/l/email-protection#1131727e7f6570726551637e737463657e7863787e7f757e3f727e7c', 'https://towardsai.net/p/news/towards-ai-announces-new-investment-to-expand-platform-for-the-ai-community-a1561a8f8ca2'}","[(3.7788970998347176, 'https://towardsai.net/?'), (3.4505553833877034, 'https://feeds.feedburner.com/robiriondo'), (3.3655724250102352, 'https://sponsors.towardsai.net'), (3.274883585986349, 'https://www.towardsai.net/robiriondo'), (3.1465838776377626, 'https://www.ml.cmu.edu/robiriondo'), (2.966295991005709, 'https://medium.com/@robiriondo'), (2.966295991005709, 'https://blog.robertoiriondo.com/'), (2.890289208516884, 'https://towardsai.net/p/news/towards-ai-announces-new-investment-to-expand-platform-for-the-ai-community-a1561a8f8ca2'), (2.5408459183648677, 'https://snorkel.ai/'), (1.3176156917368247, 'https://jobs.lever.co/cohere'), (1.007585443719757, 'https://github.com/robiriondo'), (1.000741564803433, 'https://cohere.ai/'), (0.0, 'https://www.robertoiriondo.com/cdn-cgi/l/email-protection#a5c6cacbd1c4c6d1e5d7cac7c0d7d1caccd7cccacbc1ca8bc6cac8'), (0.0, 'https://twitter.com/robiriondo'), (0.0, 'https://en.wikipedia.org/wiki/San_Francisco'), (0.0, 'https://en.wikipedia.org/wiki/Pittsburgh'), (0.0, 'https://en.wikipedia.org/wiki/Orlando,_Florida')]","  (0, 66)	0.03146583877637763
  (0, 120)	0.06293167755275526
  (0, 64)	0.06293167755275526
  (0, 65)	0.06293167755275526
  (0, 35)	0.06293167755275526
  (0, 44)	0.06293167755275526
  (0, 77)	0.06293167755275526
  (0, 99)	0.06293167755275526
  (0, 14)	0.06293167755275526
  (0, 95)	0.06293167755275526
  (0, 56)	0.06293167755275526
  (0, 103)	0.06293167755275526
  (0, 46)	0.06293167755275526
  (0, 20)	0.06293167755275526
  (0, 7)	0.06293167755275526
  (0, 101)	0.06293167755275526
  (0, 51)	0.06293167755275526
  (0, 129)	0.06293167755275526
  (0, 109)	0.06293167755275526
  (0, 3)	0.06293167755275526
  (0, 1)	0.06293167755275526
  (0, 123)	0.06293167755275526
  (0, 79)	0.06293167755275526
  (0, 21)	0.06293167755275526
  (0, 34)	0.06293167755275526
  :	:
  (0, 72)	0.06293167755275526
  (0, 50)	0.09439751632913289
  (0, 45)	0.03146583877637763
  (0, 19)	0.09439751632913289
  (0, 128)	0.03146583877637763
  (0, 125)	0.03146583877637763
  (0, 115)	0.03146583877637763
  (0, 52)	0.03146583877637763
  (0, 58)	0.03146583877637763
  (0, 108)	0.03146583877637763
  (0, 29)	0.06293167755275526
  (0, 70)	0.06293167755275526
  (0, 102)	0.03146583877637763
  (0, 88)	0.03146583877637763
  (0, 86)	0.03146583877637763
  (0, 76)	0.12586335510551053
  (0, 59)	0.06293167755275526
  (0, 39)	0.06293167755275526
  (0, 107)	0.03146583877637763
  (0, 106)	0.12586335510551053
  (0, 112)	0.06293167755275526
  (0, 10)	0.6293167755275526
  (0, 9)	0.12586335510551053
  (0, 60)	0.12586335510551053
  (0, 94)	0.12586335510551053","['generative AI', 'general intelligence', 'improvements', 'smart machines', 'scary']"
3.7788970998347176,https://towardsai.net/?,https://blog.goenvy.io/10-best-ai-marketing-blogs-you-should-follow,"{'https://towardsai.net/ai/news', 'https://www.google.com/search?ved=1t:65428&_ga=2.191706990.559569912.1635283323-985655235.1633987376&q=Towards+AI&ludocid=4955254490173856159&lsig=AB86z5Ur3DZsSmdOFFUwd-bMHTIe#fpstate=lie', 'https://towardsai.net/ai/machine-intelligence', 'https://sponsors.towardsai.net/', 'https://towardsai.net/ai/program-management', 'https://towardsai.net/privacy', 'https://ws.towardsai.net/shop', 'https://towardsai.net/ai/computer-vision', 'https://sponsors.towardsai.net', 'https://towardsai.net/ai/self-driving-cars', 'https://towardsai.net/p/', 'https://towardsai.net/ai/mathematics', 'https://towardsai.net/ai/data-analysis', 'https://towardsai.net/ai/careers', 'https://towardsai.net/ai/education', 'https://pub.towardsai.net/', 'https://contribute.towardsai.net/', 'https://flipboard.com/@Towards_AI', 'https://towardsai.net/ai/neuroscience', 'https://towardsai.net/ai/computer-science', 'https://towardsai.net/ai/future', 'https://towardsai.net/ai/technology', 'https://www.youtube.com/channel/UCQNjFuhOJM1YqFTPY1Q_kYQ', 'https://medium.com/towards-artificial-intelligence', 'https://towardsai.net/ai/programming', 'https://towardsai.net/#publisher', 'https://towardsai.net/ai/robotics', 'https://towardsai.net/cdn-cgi/l/email-protection#8eebeae7fae1fccefae1f9effceafdefe7a0e0ebfa', 'https://towardsai.net/ai/quantum-computing', 'https://linkedin.com/company/towards-artificial-intelligence', 'https://towardsai.net/ai/scholarly', 'https://towardsai.net/', 'https://towardsai.net/ai/data-analytics', 'https://towardsai.net/ai/fairness', 'https://feed.towardsai.net/', 'https://towardsai.net/cdn-cgi/l/email-protection#f7878295b783988096859384969ed9999283', 'https://towardsai.net/ai/devops', 'https://towardsai.net/ai/tutorials', 'https://towardsai.net/ai/opinion', 'https://pub.towardsai.net', 'https://towardsai.net/ai/automl', 'https://towardsai.net/ai/newsletter', 'https://towardsai.net/ai/product-management', 'https://towardsai.net/ai/machine-learning', 'https://community.towardsai.net/', 'https://towardsai.net/ai/data-mining', 'https://towardsai.net/ai/software-engineering', 'https://towardsai.net/ai/bioinformatics', 'https://towardsai.net/subscribe', 'https://towardsai.net/ai/physics', 'https://towardsai.net/ai/deep-learning', '\thttps://local.google.com/place?id=4955254490173856159&use=srp&ved=1t%3A65428&_ga=2.191706990.559569912.1635283323-985655235.1633987376#fpstate=lie', 'https://towardsai.net/ai/artificial-intelligence', 'https://towardsai.net/ai/science', 'https://towardsai.net/terms/', 'https://github.com/towardsai', 'https://towardsai.net/ai/research', 'https://instagram.com/towards_ai/', 'https://towardsai.net/ai/cybersecurity', 'https://gumroad.com/l/descriptive-statistics', 'https://towardsai.medium.com', 'https://towardsai.net/ai/editorial', 'https://towardsai.net/ai/data-visualization', 'https://contribute.towardsai.net', 'https://pub.towardsai.net/archive', 'https://news.google.com/publications/CAAqBwgKMNiLmgswgpayAw?oc=3&ceid=US:en', 'https://towardsai.net/about', 'https://medium.com/towards-artificial-intelligence/trending', 'https://towardsai.net/ai/engineering', 'https://towardsai.net/ai/probability', 'https://www.youtube.com/watch?v=9No-FiEInLA', 'https://twitter.com/towards_ai?lang=en', 'https://news.google.com/publications/CAAqBwgKMNiLmgswgpayAw', 'https://towardsai.net/ai/optimization', 'https://towardsai.net/ai/web-scraping', 'https://towardsai.net/#contact', 'https://towardsai.net/p', 'https://members.towardsai.net/', 'https://towardsai.net/cdn-cgi/l/email-protection#bdcdc8dffdc9d2cadccfd9cedcd493d3d8c9', 'https://towardsai.net/ai/data-engineering', 'https://towardsai.net/cdn-cgi/l/email-protection#fa8a8f98ba8e958d9b889e899b93d4949f8e', 'https://towardsai.net/ai/ml-and-art', 'https://gumroad.com/towardsai', 'https://twitter.com/towards_ai', 'https://ws.towardsai.net/subscribe', 'https://towardsai.net/cdn-cgi/l/email-protection#4e3d3e21203d213c3d0e3a21392f3c2a3d2f2760202b3a', 'https://towardsai.net/ai/project-management', 'https://www.instagram.com/towards_ai/', 'https://towardsai.net/ai/data-science', 'https://towardsai.net/ai/systems', 'https://towardsai.net/categories', 'https://towardsai.net/ai/game-theory', 'https://towardsai.net/ai/ethics', 'https://discord.com/invite/V7RGX9XKAW', 'https://www.linkedin.com/company/towards-artificial-intelligence', 'https://towardsai.net/ai/statistics', 'https://www.facebook.com/towardsAl/', 'https://towardsai.net/ai/privacy-and-security', 'https://towardsai.net/ai/cloud-computing', 'https://towardsai.net/ai/nlp', 'https://towardsai.net/ai/social-good', 'https://g.page/TowardsAI?gm'}","[(3.796283011826484, 'https://towardsai.net/about'), (3.7788970998347176, 'https://ws.towardsai.net/subscribe'), (3.5355339059327378, 'https://discord.com/invite/V7RGX9XKAW'), (3.3655724250102352, 'https://sponsors.towardsai.net/'), (3.3655724250102352, 'https://sponsors.towardsai.net'), (2.9230861094300287, 'https://towardsai.net/ai/newsletter'), (2.812043212972324, 'https://towardsai.net/ai/news'), (2.6967994498529686, 'https://ws.towardsai.net/shop'), (2.6967994498529686, 'https://gumroad.com/towardsai'), (2.620184247301336, 'https://towardsai.medium.com'), (2.597037603991664, 'https://medium.com/towards-artificial-intelligence'), (2.5563643221923793, 'https://towardsai.net/ai/education'), (2.5446209512303826, 'https://towardsai.net/ai/ethics'), (2.5431358764404086, 'https://towardsai.net/ai/editorial'), (2.527355249654622, 'https://towardsai.net/ai/future'), (2.44695294731674, 'https://towardsai.net/ai/opinion'), (2.423295499399198, 'https://towardsai.net/p/'), (2.423295499399198, 'https://towardsai.net/p'), (2.416403894654445, 'https://towardsai.net/ai/research'), (2.407368193052867, 'https://towardsai.net/ai/artificial-intelligence'), (2.387131192849389, 'https://towardsai.net/ai/programming'), (2.3750429167669864, 'https://towardsai.net/ai/probability'), (2.3420236179137217, 'https://towardsai.net/ai/machine-learning'), (2.3390037142659996, 'https://towardsai.net/ai/neuroscience'), (2.3196698094342465, 'https://towardsai.net/ai/data-science'), (2.3149079851753114, 'https://towardsai.net/ai/tutorials'), (2.29866108740715, 'https://towardsai.net/ai/fairness'), (2.23606797749979, 'https://www.facebook.com/towardsAl/'), (2.230514053703916, 'https://towardsai.net/ai/data-engineering'), (2.2280060414693748, 'https://towardsai.net/ai/nlp'), (2.2257973608357955, 'https://towardsai.net/ai/deep-learning'), (2.206255101949602, 'https://towardsai.net/privacy'), (2.2026087143464346, 'https://towardsai.net/ai/social-good'), (2.1905657258005604, 'https://towardsai.net/ai/product-management'), (2.158615264551992, 'https://towardsai.net/categories'), (2.1440540752309074, 'https://towardsai.net/ai/technology'), (2.130032168075646, 'https://towardsai.net/ai/project-management'), (2.1291561523412574, 'https://towardsai.net/ai/self-driving-cars'), (2.112590932079385, 'https://towardsai.net/ai/devops'), (2.108878474699914, 'https://towardsai.net/ai/game-theory'), (2.0805992989095605, 'https://towardsai.net/ai/ml-and-art'), (2.0790154471421585, 'https://towardsai.net/ai/optimization'), (2.0783320316663785, 'https://towardsai.net/ai/statistics'), (2.0699523061111993, 'https://towardsai.net/ai/data-mining'), (2.0543150392220357, 'https://towardsai.net/ai/computer-vision'), (2.051663013433165, 'https://towardsai.net/ai/automl'), (2.04598301841142, 'https://towardsai.net/ai/science'), (2.041241452319315, 'https://instagram.com/towards_ai/'), (2.019044105882164, 'https://towardsai.net/ai/robotics'), (2.0189929247005716, 'https://towardsai.net/ai/careers'), (1.9862652384370794, 'https://towardsai.net/ai/systems'), (1.980388282888993, 'https://towardsai.net/ai/software-engineering'), (1.9763067932513392, 'https://towardsai.net/ai/computer-science'), (1.964309506583679, 'https://towardsai.net/ai/data-visualization'), (1.9580445076685278, 'https://towardsai.net/ai/physics'), (1.956463952178075, 'https://towardsai.net/ai/data-analytics'), (1.954905637353224, 'https://towardsai.net/ai/bioinformatics'), (1.9385120092537163, 'https://towardsai.net/ai/web-scraping'), (1.9208585229655495, 'https://towardsai.net/ai/privacy-and-security'), (1.9080095830021953, 'https://towardsai.net/ai/cybersecurity'), (1.8582353656179147, 'https://towardsai.net/ai/program-management'), (1.8281810603178263, 'https://towardsai.net/ai/machine-intelligence'), (1.807392228230129, 'https://towardsai.net/ai/mathematics'), (1.70103454359943, 'https://towardsai.net/ai/quantum-computing'), (1.616910449942591, 'https://towardsai.net/ai/cloud-computing'), (1.5534244150030008, 'https://towardsai.net/ai/engineering'), (1.5021666752526053, 'https://towardsai.net/ai/data-analysis'), (1.4782809899727072, 'https://medium.com/towards-artificial-intelligence/trending'), (1.340970468803023, 'https://towardsai.net/ai/scholarly'), (1.3206763594884354, 'https://github.com/towardsai'), (0.8980265101338745, 'https://gumroad.com/l/descriptive-statistics'), (0.8854220041514331, 'https://pub.towardsai.net/archive'), (0.3159777159307376, 'https://towardsai.net/terms/'), (0.0, 'https://www.youtube.com/watch?v=9No-FiEInLA'), (0.0, 'https://www.youtube.com/channel/UCQNjFuhOJM1YqFTPY1Q_kYQ'), (0.0, 'https://www.google.com/search?ved=1t:65428&_ga=2.191706990.559569912.1635283323-985655235.1633987376&q=Towards+AI&ludocid=4955254490173856159&lsig=AB86z5Ur3DZsSmdOFFUwd-bMHTIe#fpstate=lie'), (0.0, 'https://twitter.com/towards_ai?lang=en'), (0.0, 'https://towardsai.net/cdn-cgi/l/email-protection#bdcdc8dffdc9d2cadccfd9cedcd493d3d8c9'), (0.0, 'https://news.google.com/publications/CAAqBwgKMNiLmgswgpayAw?oc=3&ceid=US:en'), (0.0, 'https://g.page/TowardsAI?gm'), (0.0, 'https://flipboard.com/@Towards_AI'), (0.0, '\thttps://local.google.com/place?id=4955254490173856159&use=srp&ved=1t%3A65428&_ga=2.191706990.559569912.1635283323-985655235.1633987376#fpstate=lie')]","  (0, 22)	0.0397778642087865
  (0, 45)	0.0397778642087865
  (0, 67)	0.079555728417573
  (0, 9)	0.0397778642087865
  (0, 101)	0.0397778642087865
  (0, 24)	0.0397778642087865
  (0, 100)	0.0397778642087865
  (0, 50)	0.0397778642087865
  (0, 71)	0.0397778642087865
  (0, 107)	0.0397778642087865
  (0, 62)	0.0397778642087865
  (0, 80)	0.0397778642087865
  (0, 15)	0.0397778642087865
  (0, 41)	0.0397778642087865
  (0, 16)	0.0397778642087865
  (0, 31)	0.0397778642087865
  (0, 78)	0.0397778642087865
  (0, 30)	0.0397778642087865
  (0, 42)	0.0397778642087865
  (0, 63)	0.0397778642087865
  (0, 69)	0.079555728417573
  (0, 0)	0.0397778642087865
  (0, 60)	0.0397778642087865
  (0, 111)	0.0397778642087865
  (0, 58)	0.0397778642087865
  :	:
  (0, 105)	0.0397778642087865
  (0, 76)	0.079555728417573
  (0, 3)	0.0397778642087865
  (0, 97)	0.0397778642087865
  (0, 44)	0.0397778642087865
  (0, 57)	0.079555728417573
  (0, 106)	0.0397778642087865
  (0, 43)	0.0397778642087865
  (0, 94)	0.0397778642087865
  (0, 23)	0.0397778642087865
  (0, 75)	0.0397778642087865
  (0, 88)	0.0397778642087865
  (0, 74)	0.0397778642087865
  (0, 21)	0.0397778642087865
  (0, 99)	0.079555728417573
  (0, 39)	0.0397778642087865
  (0, 7)	0.11933359262635951
  (0, 52)	0.11933359262635951
  (0, 35)	0.0397778642087865
  (0, 66)	0.079555728417573
  (0, 20)	0.079555728417573
  (0, 17)	0.159111456835146
  (0, 48)	0.11933359262635951
  (0, 10)	0.7557794199669435
  (0, 90)	0.3580007778790785","['generative AI', 'general intelligence', 'improvements', 'smart machines', 'scary']"
3.7788970998347176,https://ws.towardsai.net/subscribe,https://blog.goenvy.io/10-best-ai-marketing-blogs-you-should-follow,"{'https://towardsai.net/ai/news', 'https://www.google.com/search?ved=1t:65428&_ga=2.191706990.559569912.1635283323-985655235.1633987376&q=Towards+AI&ludocid=4955254490173856159&lsig=AB86z5Ur3DZsSmdOFFUwd-bMHTIe#fpstate=lie', 'https://towardsai.net/ai/machine-intelligence', 'https://sponsors.towardsai.net/', 'https://towardsai.net/ai/program-management', 'https://towardsai.net/privacy', 'https://towardsai.net/cdn-cgi/l/email-protection#93e3e6f1d3e7fce4f2e1f7e0f2fabdfdf6e7', 'https://ws.towardsai.net/shop', 'https://towardsai.net/ai/computer-vision', 'https://sponsors.towardsai.net', 'https://towardsai.net/ai/self-driving-cars', 'https://towardsai.net/p/', 'https://towardsai.net/ai/mathematics', 'https://towardsai.net/ai/data-analysis', 'https://towardsai.net/ai/careers', 'https://towardsai.net/ai/education', 'https://pub.towardsai.net/', 'https://contribute.towardsai.net/', 'https://flipboard.com/@Towards_AI', 'https://towardsai.net/ai/neuroscience', 'https://towardsai.net/cdn-cgi/l/email-protection#4635362928352934350632293127342235272f68282332', 'https://towardsai.net/ai/computer-science', 'https://towardsai.net/cdn-cgi/l/email-protection#2252574062564d5543504651434b0c4c4756', 'https://towardsai.net/ai/future', 'https://towardsai.net/ai/technology', 'https://www.youtube.com/channel/UCQNjFuhOJM1YqFTPY1Q_kYQ', 'https://medium.com/towards-artificial-intelligence', 'https://towardsai.net/ai/programming', 'https://towardsai.net/#publisher', 'https://towardsai.net/ai/robotics', 'https://towardsai.net/cdn-cgi/l/email-protection#8eebeae7fae1fccefae1f9effceafdefe7a0e0ebfa', 'https://towardsai.net/ai/quantum-computing', 'https://linkedin.com/company/towards-artificial-intelligence', 'https://towardsai.net/ai/scholarly', 'https://towardsai.net/', 'https://towardsai.net/ai/data-analytics', 'https://towardsai.net/ai/fairness', 'https://feed.towardsai.net/', 'https://towardsai.net/ai/devops', 'https://towardsai.net/ai/tutorials', 'https://towardsai.net/ai/opinion', 'https://pub.towardsai.net', 'https://towardsai.net/ai/automl', 'https://towardsai.net/ai/newsletter', 'https://towardsai.net/ai/product-management', 'https://towardsai.net/ai/machine-learning', 'https://community.towardsai.net/', 'https://towardsai.net/ai/data-mining', 'https://towardsai.net/ai/software-engineering', 'https://towardsai.net/ai/bioinformatics', 'https://towardsai.net/subscribe', 'https://towardsai.net/ai/physics', 'https://towardsai.net/ai/deep-learning', '\thttps://local.google.com/place?id=4955254490173856159&use=srp&ved=1t%3A65428&_ga=2.191706990.559569912.1635283323-985655235.1633987376#fpstate=lie', 'https://towardsai.net/ai/artificial-intelligence', 'https://towardsai.net/ai/science', 'https://towardsai.net/terms/', 'https://github.com/towardsai', 'https://towardsai.net/ai/research', 'https://instagram.com/towards_ai/', 'https://towardsai.net/ai/cybersecurity', 'https://gumroad.com/l/descriptive-statistics', 'https://towardsai.medium.com', 'https://towardsai.net/ai/editorial', 'https://towardsai.net/ai/data-visualization', 'https://contribute.towardsai.net', 'https://pub.towardsai.net/archive', 'https://news.google.com/publications/CAAqBwgKMNiLmgswgpayAw?oc=3&ceid=US:en', 'https://towardsai.net/about', 'https://medium.com/towards-artificial-intelligence/trending', 'https://towardsai.net/ai/engineering', 'https://towardsai.net/ai/probability', 'https://www.youtube.com/watch?v=9No-FiEInLA', 'https://twitter.com/towards_ai?lang=en', 'https://news.google.com/publications/CAAqBwgKMNiLmgswgpayAw', 'https://towardsai.net/ai/optimization', 'https://towardsai.net/ai/web-scraping', 'https://towardsai.net/#contact', 'https://towardsai.net/p', 'https://members.towardsai.net/', 'https://towardsai.net/ai/data-engineering', 'https://towardsai.net/ai/ml-and-art', 'https://gumroad.com/towardsai', 'https://twitter.com/towards_ai', 'https://ws.towardsai.net/subscribe', 'https://towardsai.net/ai/project-management', 'https://www.instagram.com/towards_ai/', 'https://towardsai.net/ai/data-science', 'https://towardsai.net/ai/systems', 'https://towardsai.net/categories', 'https://towardsai.net/cdn-cgi/l/email-protection#28585d4a685c475f495a4c5b494106464d5c', 'https://towardsai.net/ai/game-theory', 'https://towardsai.net/ai/ethics', 'https://discord.com/invite/V7RGX9XKAW', 'https://www.linkedin.com/company/towards-artificial-intelligence', 'https://towardsai.net/ai/statistics', 'https://www.facebook.com/towardsAl/', 'https://towardsai.net/ai/privacy-and-security', 'https://towardsai.net/ai/cloud-computing', 'https://towardsai.net/ai/nlp', 'https://towardsai.net/ai/social-good', 'https://g.page/TowardsAI?gm'}","[(3.796283011826484, 'https://towardsai.net/about'), (3.7788970998347176, 'https://ws.towardsai.net/subscribe'), (3.5355339059327378, 'https://discord.com/invite/V7RGX9XKAW'), (3.3655724250102352, 'https://sponsors.towardsai.net/'), (3.3655724250102352, 'https://sponsors.towardsai.net'), (2.9230861094300287, 'https://towardsai.net/ai/newsletter'), (2.812043212972324, 'https://towardsai.net/ai/news'), (2.6967994498529686, 'https://ws.towardsai.net/shop'), (2.6967994498529686, 'https://gumroad.com/towardsai'), (2.5982481238162687, 'https://towardsai.medium.com'), (2.597037603991664, 'https://medium.com/towards-artificial-intelligence'), (2.5563643221923793, 'https://towardsai.net/ai/education'), (2.5446209512303826, 'https://towardsai.net/ai/ethics'), (2.5431358764404086, 'https://towardsai.net/ai/editorial'), (2.527355249654622, 'https://towardsai.net/ai/future'), (2.44695294731674, 'https://towardsai.net/ai/opinion'), (2.423295499399198, 'https://towardsai.net/p/'), (2.423295499399198, 'https://towardsai.net/p'), (2.416403894654445, 'https://towardsai.net/ai/research'), (2.407368193052867, 'https://towardsai.net/ai/artificial-intelligence'), (2.387131192849389, 'https://towardsai.net/ai/programming'), (2.3750429167669864, 'https://towardsai.net/ai/probability'), (2.3420236179137217, 'https://towardsai.net/ai/machine-learning'), (2.3390037142659996, 'https://towardsai.net/ai/neuroscience'), (2.3196698094342465, 'https://towardsai.net/ai/data-science'), (2.3149079851753114, 'https://towardsai.net/ai/tutorials'), (2.29866108740715, 'https://towardsai.net/ai/fairness'), (2.23606797749979, 'https://www.facebook.com/towardsAl/'), (2.230514053703916, 'https://towardsai.net/ai/data-engineering'), (2.2280060414693748, 'https://towardsai.net/ai/nlp'), (2.2257973608357955, 'https://towardsai.net/ai/deep-learning'), (2.206255101949602, 'https://towardsai.net/privacy'), (2.2026087143464346, 'https://towardsai.net/ai/social-good'), (2.1905657258005604, 'https://towardsai.net/ai/product-management'), (2.158615264551992, 'https://towardsai.net/categories'), (2.1440540752309074, 'https://towardsai.net/ai/technology'), (2.130032168075646, 'https://towardsai.net/ai/project-management'), (2.1291561523412574, 'https://towardsai.net/ai/self-driving-cars'), (2.112590932079385, 'https://towardsai.net/ai/devops'), (2.108878474699914, 'https://towardsai.net/ai/game-theory'), (2.0805992989095605, 'https://towardsai.net/ai/ml-and-art'), (2.0790154471421585, 'https://towardsai.net/ai/optimization'), (2.0783320316663785, 'https://towardsai.net/ai/statistics'), (2.0699523061111993, 'https://towardsai.net/ai/data-mining'), (2.0543150392220357, 'https://towardsai.net/ai/computer-vision'), (2.051663013433165, 'https://towardsai.net/ai/automl'), (2.04598301841142, 'https://towardsai.net/ai/science'), (2.041241452319315, 'https://instagram.com/towards_ai/'), (2.019044105882164, 'https://towardsai.net/ai/robotics'), (2.0189929247005716, 'https://towardsai.net/ai/careers'), (1.9862652384370794, 'https://towardsai.net/ai/systems'), (1.980388282888993, 'https://towardsai.net/ai/software-engineering'), (1.9763067932513392, 'https://towardsai.net/ai/computer-science'), (1.964309506583679, 'https://towardsai.net/ai/data-visualization'), (1.9580445076685278, 'https://towardsai.net/ai/physics'), (1.956463952178075, 'https://towardsai.net/ai/data-analytics'), (1.954905637353224, 'https://towardsai.net/ai/bioinformatics'), (1.9385120092537163, 'https://towardsai.net/ai/web-scraping'), (1.9208585229655495, 'https://towardsai.net/ai/privacy-and-security'), (1.9080095830021953, 'https://towardsai.net/ai/cybersecurity'), (1.8582353656179147, 'https://towardsai.net/ai/program-management'), (1.8281810603178263, 'https://towardsai.net/ai/machine-intelligence'), (1.807392228230129, 'https://towardsai.net/ai/mathematics'), (1.70103454359943, 'https://towardsai.net/ai/quantum-computing'), (1.616910449942591, 'https://towardsai.net/ai/cloud-computing'), (1.5534244150030008, 'https://towardsai.net/ai/engineering'), (1.5021666752526053, 'https://towardsai.net/ai/data-analysis'), (1.4782809899727072, 'https://medium.com/towards-artificial-intelligence/trending'), (1.340970468803023, 'https://towardsai.net/ai/scholarly'), (1.3206763594884354, 'https://github.com/towardsai'), (0.8980265101338745, 'https://gumroad.com/l/descriptive-statistics'), (0.8854220041514331, 'https://pub.towardsai.net/archive'), (0.3159777159307376, 'https://towardsai.net/terms/'), (0.0, 'https://www.youtube.com/watch?v=9No-FiEInLA'), (0.0, 'https://www.youtube.com/channel/UCQNjFuhOJM1YqFTPY1Q_kYQ'), (0.0, 'https://www.google.com/search?ved=1t:65428&_ga=2.191706990.559569912.1635283323-985655235.1633987376&q=Towards+AI&ludocid=4955254490173856159&lsig=AB86z5Ur3DZsSmdOFFUwd-bMHTIe#fpstate=lie'), (0.0, 'https://twitter.com/towards_ai?lang=en'), (0.0, 'https://towardsai.net/cdn-cgi/l/email-protection#93e3e6f1d3e7fce4f2e1f7e0f2fabdfdf6e7'), (0.0, 'https://news.google.com/publications/CAAqBwgKMNiLmgswgpayAw?oc=3&ceid=US:en'), (0.0, 'https://g.page/TowardsAI?gm'), (0.0, 'https://flipboard.com/@Towards_AI'), (0.0, '\thttps://local.google.com/place?id=4955254490173856159&use=srp&ved=1t%3A65428&_ga=2.191706990.559569912.1635283323-985655235.1633987376#fpstate=lie')]","  (0, 22)	0.0397778642087865
  (0, 45)	0.0397778642087865
  (0, 67)	0.079555728417573
  (0, 9)	0.0397778642087865
  (0, 101)	0.0397778642087865
  (0, 24)	0.0397778642087865
  (0, 100)	0.0397778642087865
  (0, 50)	0.0397778642087865
  (0, 71)	0.0397778642087865
  (0, 107)	0.0397778642087865
  (0, 62)	0.0397778642087865
  (0, 80)	0.0397778642087865
  (0, 15)	0.0397778642087865
  (0, 41)	0.0397778642087865
  (0, 16)	0.0397778642087865
  (0, 31)	0.0397778642087865
  (0, 78)	0.0397778642087865
  (0, 30)	0.0397778642087865
  (0, 42)	0.0397778642087865
  (0, 63)	0.0397778642087865
  (0, 69)	0.079555728417573
  (0, 0)	0.0397778642087865
  (0, 60)	0.0397778642087865
  (0, 111)	0.0397778642087865
  (0, 58)	0.0397778642087865
  :	:
  (0, 105)	0.0397778642087865
  (0, 76)	0.079555728417573
  (0, 3)	0.0397778642087865
  (0, 97)	0.0397778642087865
  (0, 44)	0.0397778642087865
  (0, 57)	0.079555728417573
  (0, 106)	0.0397778642087865
  (0, 43)	0.0397778642087865
  (0, 94)	0.0397778642087865
  (0, 23)	0.0397778642087865
  (0, 75)	0.0397778642087865
  (0, 88)	0.0397778642087865
  (0, 74)	0.0397778642087865
  (0, 21)	0.0397778642087865
  (0, 99)	0.079555728417573
  (0, 39)	0.0397778642087865
  (0, 7)	0.11933359262635951
  (0, 52)	0.11933359262635951
  (0, 35)	0.0397778642087865
  (0, 66)	0.079555728417573
  (0, 20)	0.079555728417573
  (0, 17)	0.159111456835146
  (0, 48)	0.11933359262635951
  (0, 10)	0.7557794199669435
  (0, 90)	0.3580007778790785","['generative AI', 'general intelligence', 'improvements', 'smart machines', 'scary']"
3.5355339059327378,https://discord.com/invite/V7RGX9XKAW,https://blog.goenvy.io/10-best-ai-marketing-blogs-you-should-follow,set(),[],"  (0, 0)	0.7071067811865475
  (0, 1)	0.7071067811865475","['generative AI', 'general intelligence', 'improvements', 'smart machines', 'scary']"
